0,1,2,3,4,5
2009-08-04,2033-01-28,950 125 7747,Shifan,CN,undercover surveillance
2011-05-06,2029-03-27,979 633 2500,Bagdadi,GE,surveillance
2012-12-02,2007-05-04,368 283 6732,Barrunchal,PT,ongoing
2013-03-31,2013-11-06,600 129 5796,Legen,SI,ongoing
2012-09-02,2032-02-04,280 764 9744,São Borja,BR,extraction
2013-12-06,2021-01-06,827 852 5042,Perstorp,SE,high priority
2012-07-04,2012-04-14,804 248 4172,Lebahseri,ID,active
2012-02-13,2007-03-21,589 534 5041,Quinta,PT,under review
2006-05-24,2019-10-20,971 687 5569,Bāgh-e Malek,IR,under review
2022-06-27,2013-03-20,858 540 9613,Huaizhong,CN,interception
2019-03-12,2010-09-03,920 856 5297,Kungsbacka,SE,ongoing
2015-05-31,2032-12-12,121 666 9566,Pianbai,CN,surveillance
2016-07-08,2021-10-26,970 666 1755,Pérama,GR,covert action
2012-06-02,2026-09-25,477 382 1942,Mouzáki,GR,completed
2009-12-19,2028-10-02,813 315 5698,Revolucion Verde,MX,active
2005-07-15,2026-06-24,529 424 1328,Facatativá,CO,infiltration
2021-01-14,2018-07-31,759 130 9841,Piggotts,AG,infiltration
2015-11-02,2025-05-06,457 459 0881,Xinglin,CN,covert action
2008-03-28,2012-08-29,710 331 6457,Havířov,CZ,covert
2006-01-19,2022-03-21,576 671 0784,Makrochóri,GR,under review
2009-12-07,2028-10-29,976 669 7769,Cầu Giấy,VN,covert
2020-06-23,2007-11-01,673 361 9805,Sobotín,CZ,undercover
2017-08-17,2007-09-14,219 854 3197,Gunungmenang,ID,undercover
2016-05-14,2007-11-22,715 923 0304,Marxog,CN,rescue
2005-07-10,2026-10-27,717 147 0787,Dehang,CN,reconnaissance
2019-12-13,2006-07-14,918 493 2120,Tsubata,JP,infiltration
2009-01-16,2015-12-17,748 399 1261,Mina de São Domingos,PT,surveillance
2015-12-05,2007-11-08,484 878 0721,Tetyushi,RU,completed
2023-02-17,2022-11-19,120 379 7610,Lazaro Cardenas,MX,completed
2022-06-25,2028-05-06,662 607 5457,Kloulklubed,PW,delayed
2018-04-16,2006-08-03,823 583 5336,Kampala,UG,active
2020-12-29,2026-02-03,200 863 7409,Ervedosa do Douro,PT,cancelled
2010-12-07,2012-12-16,801 318 1778,Salt Lake City,US,interception
2022-06-25,2007-10-28,303 251 4353,Litein,KE,interception
2008-08-31,2015-02-24,188 210 5748,Viļaka,LV,under review
2018-12-26,2017-05-05,570 983 8476,Louta,CN,undercover
2021-02-13,2016-03-25,640 506 6515,Olival Basto,PT,interception
2022-08-04,2014-01-04,895 737 2362,Lian,CN,compromised
2009-03-31,2007-10-24,138 115 9597,Koz’modem’yansk,RU,active
2015-10-12,2012-03-07,789 530 4356,Paris 01,FR,delayed
2018-12-18,2013-10-07,167 100 9323,Qingshan,CN,delayed
2014-04-05,2011-05-20,535 672 7498,Tremembé,BR,undercover surveillance
2013-10-08,2024-01-26,723 137 3274,Tišina,SI,ongoing
2019-05-05,2016-12-24,255 337 8568,Old Shinyanga,TZ,high priority
2016-08-09,2027-03-19,859 344 3349,Kudanding,PH,active
2022-04-15,2010-02-27,952 503 5484,Maochen,CN,interception
2022-09-27,2012-12-17,459 809 3474,Changtang,CN,compromised
2006-09-18,2027-02-18,305 477 7655,Dordrecht,NL,under review
2012-11-16,2021-02-28,507 182 5005,Yanyang,CN,surveillance
2011-06-15,2006-10-23,883 261 3998,Houjiagang,CN,interception
2013-11-09,2016-10-27,702 971 1809,Las Vegas,US,surveillance
2023-08-10,2022-12-25,426 614 5265,Coaraci,BR,counterintelligence
2023-10-13,2026-04-28,100 701 6421,Trzcianka,PL,extraction
2005-10-10,2011-11-23,224 404 2276,Mashtūl as Sūq,EG,active
2023-02-01,2009-02-21,559 741 0460,Xiaoyi,CN,ongoing
2016-05-08,2024-06-23,171 793 2296,Sengkerang Tiga,ID,surveillance
2010-01-10,2026-10-08,518 297 0475,Alor Setar,MY,ongoing
2009-12-04,2020-05-03,619 206 8951,Sedayu,ID,extraction
2006-10-09,2033-05-26,139 832 4292,Paleran,ID,high priority
2009-10-18,2028-09-10,889 989 8493,La Goulette,TN,extraction
2012-02-20,2027-06-15,507 950 1689,Damaying,CN,active
2013-06-06,2012-08-13,116 406 3098,Halle,DE,under review
2021-08-21,2008-11-02,691 630 8118,Ħamrun,MT,covert action
2019-02-01,2029-03-06,643 384 5796,Mandera,KE,cancelled
2010-02-28,2024-05-30,985 951 8284,Guizi,CN,under review
2009-03-29,2021-02-06,211 590 9292,Yaguarón,PY,reconnaissance
2019-06-03,2013-12-21,181 957 2497,Gangu Chengguanzhen,CN,cancelled
2010-10-06,2006-08-28,617 384 6539,Solna,SE,interception
2010-10-23,2019-05-20,258 676 3887,Primero de Enero,CU,extraction
2015-05-13,2020-12-03,814 822 1491,Dasht-e Lati,IR,counterintelligence
2014-09-30,2014-01-13,438 805 2026,Ixopo,ZA,counterintelligence
2008-05-29,2030-04-25,204 260 4627,Tuba,CN,covert
2009-08-24,2012-03-08,202 102 1665,Siwa Oasis,EG,covert action
2014-07-01,2034-07-12,191 888 7809,Mehrābpur,PK,completed
2023-08-09,2029-01-01,565 247 3639,Perico,CU,delayed
2011-07-18,2027-10-03,207 775 7429,Borodinskiy,RU,counterintelligence
2020-05-21,2025-01-02,881 910 2903,Spasskoye,RU,compromised
2020-07-02,2006-12-25,734 500 3570,Beitou,CN,infiltration
2015-03-13,2034-04-30,122 338 7622,Shilovo,RU,under review
2006-08-13,2017-12-31,237 208 0049,Calaba,PH,extraction
2017-11-16,2026-02-13,943 920 4996,Borås,SE,extraction
2022-06-25,2008-05-15,128 523 8400,Pointe-à-Pitre,GP,ongoing
2010-12-06,2019-06-02,983 340 3733,Paris 12,FR,ongoing
2019-02-02,2014-06-03,474 731 0389,Besançon,FR,reconnaissance
2005-03-22,2034-11-24,720 899 2443,Marxog,CN,reconnaissance
2022-08-25,2014-03-25,769 728 5019,Merik,ID,undercover surveillance
2005-06-12,2011-03-31,481 264 7009,Montceau-les-Mines,FR,undercover surveillance
2019-07-22,2007-04-23,405 375 0616,Karamat,ID,counterintelligence
2019-11-04,2029-05-22,374 318 8838,Kamen’-na-Obi,RU,rescue
2013-10-20,2014-01-22,441 758 4339,Yotsukaidō,JP,rescue
2020-11-19,2028-04-17,581 739 9255,Zubūbah,PS,counterintelligence
2023-12-14,2017-01-03,790 496 0967,Laohekou,CN,ongoing
2015-06-09,2021-03-16,464 957 5630,Uppsala,SE,counterintelligence
2019-02-06,2009-08-04,128 533 9263,Umeå,SE,interception
2018-03-18,2031-06-03,797 994 6481,Linshi,CN,high priority
2021-04-08,2034-08-03,905 719 1725,Ridder,KZ,under review
2020-06-17,2014-09-05,494 830 0859,Agkathiá,GR,compromised
2012-02-23,2022-02-28,480 104 1129,Liushi,CN,extraction
2006-03-05,2008-05-16,713 913 5464,Madalum,PH,rescue
2015-12-10,2021-11-12,262 677 5706,Al Buţayḩah,SY,counterintelligence
2012-01-08,2007-03-31,648 167 1746,Yazd,IR,high priority
2020-08-22,2006-02-16,842 501 8371,Montenegro,CO,compromised
2022-09-07,2015-02-14,743 698 2511,Lazi,UA,interception
2011-03-15,2009-09-29,843 780 5505,Huaraz,PE,extraction
2016-07-14,2008-09-03,484 960 9656,San Ramón de la Nueva Orán,AR,rescue
2021-07-27,2023-01-01,324 963 9213,Az Zāhir,YE,under review
2009-04-07,2022-07-16,897 723 8436,Ban Lam Luk Ka,TH,rescue
2014-04-09,2009-12-22,891 506 4022,Mucurapo,TT,under review
2023-06-08,2031-08-01,282 551 4363,Taocheng,CN,reconnaissance
2019-09-29,2008-10-31,520 775 6504,Kokologo,BF,cancelled
2011-01-15,2016-04-05,641 415 3654,Zhoujia,CN,reconnaissance
2006-11-15,2014-11-20,495 473 2304,Xiaozhi,CN,interception
2014-11-30,2015-05-23,198 142 7267,Bang Khon Thi,TH,rescue
2023-01-28,2013-03-01,181 810 2381,Pingzhuang,CN,infiltration
2009-04-23,2013-12-09,670 341 5214,Hukou,CN,extraction
2010-07-25,2010-08-24,346 396 7676,Mehtar Lām,AF,extraction
2020-05-13,2022-04-02,286 718 7300,Haoguantun,CN,rescue
2008-05-10,2010-06-24,297 922 3232,Babakantugu,ID,undercover
2009-04-12,2024-08-23,756 811 4794,Łącko,PL,undercover surveillance
2005-09-19,2013-03-19,549 606 1485,Lopar,HR,infiltration
2023-03-14,2032-12-06,403 997 7490,Kikerino,RU,ongoing
2007-12-30,2009-12-15,331 427 2131,Puget-sur-Argens,FR,high priority
2022-01-18,2014-10-06,814 196 8748,Nikopol,BG,completed
2007-05-28,2011-12-25,945 314 3781,Shymkent,KZ,undercover surveillance
2009-09-14,2009-03-06,701 791 7701,Brotas,BR,ongoing
2019-08-11,2009-09-19,943 906 9395,Kraśnik,PL,active
2011-07-04,2019-12-06,976 425 3863,Sabugueiro,PT,ongoing
2009-12-14,2031-10-07,116 431 9959,Salvacion,PH,counterintelligence
2018-05-15,2034-04-29,877 777 6247,Tian’an,CN,compromised
2020-11-13,2032-09-24,528 548 1629,Bellavista,MX,compromised
2014-01-09,2009-12-25,107 576 6082,Guotan,CN,interception
2018-06-17,2021-07-29,983 356 9256,Shahe,CN,undercover surveillance
2011-01-19,2030-04-23,619 837 6677,Baokou,CN,counterintelligence
2018-12-20,2020-03-10,509 211 0250,Furukawa,JP,undercover
2014-09-14,2017-11-19,455 217 9853,Żarów,PL,extraction
2015-09-28,2025-03-24,408 180 1397,Gondanglegi Wetan,ID,covert action
2019-03-25,2030-04-07,237 272 6257,Kambia,SL,under review
2018-10-16,2013-12-26,985 181 1794,Batallas,BO,ongoing
2006-11-26,2017-11-15,412 591 0632,Warungtanjung,ID,ongoing
2010-07-31,2021-08-28,532 180 5563,Vellinge,SE,infiltration
2023-12-02,2015-12-19,460 220 4595,Herong,CN,surveillance
2007-01-08,2013-03-23,449 360 8870,Liufu,CN,covert
2020-12-09,2027-09-09,557 494 1418,Frederiksberg,DK,interception
2020-01-31,2021-03-29,462 795 5245,Xilanqi,CN,interception
2009-01-24,2011-08-16,325 858 9976,Changsu,KR,covert
2013-02-28,2007-05-20,656 601 5396,Bełżyce,PL,undercover surveillance
2020-06-11,2015-07-04,846 769 8908,Fatikchari,BD,rescue
2008-07-02,2033-02-28,603 637 4058,Thongwa,MM,infiltration
2020-03-22,2027-12-28,489 583 7703,Leles,ID,under review
2021-03-27,2032-09-08,546 699 9202,Villarrica,CL,active
2021-02-23,2029-10-11,787 226 2763,Matsuyama,JP,cancelled
2005-03-17,2010-05-03,608 411 7342,Bintulu,MY,ongoing
2017-07-24,2019-08-23,641 539 7604,Megulung,ID,extraction
2013-05-11,2021-05-07,308 982 9222,Bayan Ewenke Minzu,CN,surveillance
2018-03-29,2015-07-13,302 646 1832,Hakha,MM,interception
2017-09-26,2007-07-03,687 809 6027,Rublëvo,RU,active
2017-04-04,2006-12-19,212 242 2276,Shirone,JP,under review
2017-05-20,2009-12-05,969 396 1737,São Francisco,BR,high priority
2016-08-06,2010-08-20,556 949 0629,Leeuwarden,NL,active
2011-10-22,2007-05-21,216 569 7396,Rominimbang,PH,delayed
2022-11-29,2007-06-11,504 100 9731,Psevdás,CY,undercover
2020-11-20,2034-01-05,549 155 0387,El Lolo,HN,reconnaissance
2021-05-21,2026-01-30,605 443 5090,Xishaping,CN,extraction
2007-08-08,2008-01-15,560 565 9344,Göteborg,SE,extraction
2017-04-13,2006-03-17,523 674 8176,Calimita,CO,counterintelligence
2012-04-23,2010-08-31,680 947 4470,San Diego,VE,interception
2018-08-05,2031-11-13,379 819 2704,Pelasgía,GR,counterintelligence
2007-07-27,2024-05-28,254 844 0365,Yessentukskaya,RU,undercover
2012-08-26,2013-05-17,258 557 1573,Mölndal,SE,reconnaissance
2007-06-17,2021-12-11,664 199 5169,Ganchazi,CN,delayed
2007-03-15,2023-04-21,363 547 2334,Thiès Nones,SN,active
2023-09-11,2014-02-04,565 471 4669,Ronggui,CN,surveillance
2024-01-24,2017-03-09,215 334 6911,Wakuya,JP,interception
2008-05-10,2015-10-21,676 327 6932,Yangjiapo,CN,extraction
2010-03-23,2028-01-14,279 273 3253,Pnikut,UA,reconnaissance
2011-09-13,2024-12-22,211 250 4833,Curvelo,BR,undercover surveillance
2021-04-01,2027-12-03,504 188 6510,Malanville,BJ,active
2005-12-06,2022-09-25,400 913 2465,Kobiernice,PL,undercover
2010-04-10,2017-01-20,268 969 6495,Liangshan,CN,compromised
2008-11-25,2009-10-22,944 491 4142,Culasian,PH,covert action
2012-10-20,2018-05-07,386 992 1668,A’ershan,CN,ongoing
2019-06-05,2007-12-23,402 937 1030,Telagaselaba,ID,ongoing
2022-01-22,2027-02-13,326 560 2749,Mulino,RU,interception
2010-05-24,2013-12-29,768 288 3393,Jieshipu,CN,rescue
2012-04-17,2024-04-28,676 649 2935,Älmhult,SE,rescue
2006-07-21,2018-10-20,548 529 3682,Kaduengang,ID,high priority
2017-07-16,2011-12-13,456 858 1398,Liutan,CN,reconnaissance
2018-10-16,2008-09-14,480 334 9485,Mazkeret Batya,IL,compromised
2024-01-11,2006-02-28,922 521 0873,Tempurejo,ID,cancelled
2009-09-19,2032-12-22,278 665 7582,Neresnytsya,UA,infiltration
2023-12-05,2009-04-09,553 497 5652,Yanghuxiang,CN,counterintelligence
2014-02-04,2007-11-08,859 298 4372,La Plata,AR,delayed
2012-05-13,2034-04-03,812 706 8185,Portela,PT,active
2012-11-29,2031-07-05,603 636 4601,Megáli Khóra,GR,interception
2010-03-23,2013-08-17,964 798 0754,Bayan Hot,CN,cancelled
2020-03-07,2022-08-03,390 646 7769,Skarbimierz Osiedle,PL,active
2011-02-03,2032-09-25,734 975 9268,Krasnoye,RU,undercover surveillance
2017-04-26,2012-12-09,185 541 1290,Lubukgadang,ID,cancelled
2009-05-16,2032-04-08,349 747 2676,Balangpule,ID,compromised
2013-06-24,2028-08-25,725 197 6233,Makueni,KE,compromised
2024-01-10,2033-07-28,623 434 6722,Monte Plata,DO,infiltration
2010-06-02,2025-02-02,796 488 1593,Pumaqangtang,CN,delayed
2021-09-13,2019-04-05,160 338 1093,San Juan,PH,delayed
2011-09-16,2015-10-26,671 629 5363,Zhaiwu,CN,interception
2011-11-04,2006-04-02,476 661 1076,Emiliano Zapata,MX,extraction
2007-08-16,2031-04-04,196 779 2973,Karang Daye,ID,counterintelligence
2021-01-29,2030-04-24,586 202 8709,Ishimbay,RU,active
2013-03-23,2017-06-25,438 486 6009,Yachimata,JP,counterintelligence
2005-11-07,2013-04-25,475 601 1781,Stocksund,SE,extraction
2010-11-13,2012-03-04,501 609 8980,La Uvita,CO,compromised
2010-04-23,2006-05-01,348 279 4532,Lanús,AR,extraction
2017-07-08,2027-01-01,880 401 9181,Encañada,PE,covert
2009-03-29,2026-07-05,720 381 1738,Skórzec,PL,infiltration
2010-09-07,2013-11-16,448 790 1138,Ashiya,JP,active
2024-01-15,2025-07-12,868 845 3309,Nakamura,JP,active
2007-09-24,2009-03-13,456 319 4430,Mulong,CN,ongoing
2005-02-17,2028-12-03,427 703 8435,Khafizan,AF,infiltration
2019-09-16,2011-10-25,907 489 6624,Dajasongai,ID,under review
2019-10-31,2007-05-29,981 792 6437,Eschweiler,LU,completed
2023-01-20,2023-03-05,759 320 8210,Sandao,CN,surveillance
2019-11-09,2024-01-27,434 832 4895,Gufeng,CN,cancelled
2018-10-30,2024-09-29,522 137 9463,Anling,CN,under review
2008-01-06,2009-07-21,922 658 8383,Henghe,CN,ongoing
2016-06-10,2020-06-22,373 769 0175,Yanggan,CN,compromised
2021-08-03,2013-01-20,840 376 5099,Shāhdādkot,PK,covert
2010-02-01,2031-05-01,327 707 2371,Bukedea,UG,counterintelligence
2008-10-21,2026-07-09,856 314 0332,Cungkal,ID,covert action
2014-05-01,2021-10-02,634 206 2423,Napel,ID,counterintelligence
2005-11-21,2016-10-26,550 238 7576,Leon Postigo,PH,extraction
2012-03-22,2015-10-17,564 578 4088,Burayevo,RU,reconnaissance
2008-12-13,2030-02-04,279 963 5661,São Mateus,BR,cancelled
2012-04-18,2033-09-06,697 669 4937,Huangqi,CN,counterintelligence
2010-12-27,2019-07-21,649 691 3136,Rychwał,PL,delayed
2018-09-04,2031-06-10,989 416 1862,Waenenda,ID,undercover
2010-11-30,2016-11-07,708 364 5064,Sang-e Chārak,AF,cancelled
2017-07-14,2026-08-14,675 567 8033,Tsu-shi,JP,ongoing
2021-01-05,2033-01-13,662 228 6594,Plasy,CZ,active
2020-02-02,2019-02-14,475 738 5918,Nunutba,ID,surveillance
2009-04-25,2007-09-05,831 514 4800,Rochefort,FR,undercover
2006-01-12,2027-06-13,825 419 5953,Sosnovaya Polyana,RU,infiltration
2018-08-21,2023-05-29,175 279 3484,Dahewan,CN,high priority
2017-02-04,2006-07-10,355 446 4617,Libertad,PH,reconnaissance
2016-12-18,2021-04-02,936 597 6981,Inashiki,JP,extraction
2013-01-20,2027-07-11,219 676 4636,Lianhua,CN,surveillance
2009-05-21,2034-04-16,299 674 4232,Bystryanka,RU,delayed
2013-08-14,2013-11-04,450 525 5366,Toshloq,UZ,covert action
2023-07-12,2017-07-24,997 257 1936,Khōst,AF,infiltration
2010-12-09,2014-09-26,950 757 4308,Shiogama,JP,counterintelligence
2010-05-02,2024-10-10,892 367 5221,Dalaba,GN,reconnaissance
2012-01-25,2018-01-05,563 277 0709,Sigaboy,PH,ongoing
2019-03-25,2014-05-19,117 663 9563,Santa Cruz de la Sierra,BO,reconnaissance
2014-04-27,2027-10-23,543 637 2855,Vrbovec,HR,counterintelligence
2013-10-21,2021-03-10,288 744 8311,Sirari,TZ,reconnaissance
2017-05-22,2007-10-07,109 378 8196,Esteio,BR,ongoing
2008-01-26,2027-10-28,169 272 4862,Maqiu,CN,covert action
2015-01-26,2028-04-03,925 944 8769,Kaliska,PL,undercover surveillance
2018-02-28,2017-11-03,738 451 9143,Capela,BR,undercover
2011-04-06,2007-04-29,307 901 3088,Subkowy,PL,completed
2022-12-02,2014-04-29,492 337 1847,Independencia,MX,covert
2017-11-16,2032-07-15,420 641 1790,Czarków,PL,high priority
2008-10-26,2017-10-26,212 865 3598,New York City,US,compromised
2018-03-01,2025-06-20,561 226 1176,Reshetnikovo,RU,interception
2023-06-24,2012-06-23,449 867 1200,Arcos,BR,active
2010-06-26,2019-11-27,303 443 6496,Kostinbrod,BG,delayed
2011-07-22,2028-08-05,571 463 2878,Göteborg,SE,active
2014-05-27,2033-03-07,110 879 2787,Lianhe,CN,high priority
2019-07-28,2008-09-11,441 477 1435,Concepción de la Barranca,HN,interception
2023-04-03,2020-09-14,941 673 7359,Guimarei,PT,infiltration
2023-04-19,2034-07-18,139 949 4353,Chivilcoy,AR,completed
2008-09-16,2021-01-23,390 757 2964,Wodzierady,PL,completed
2016-11-27,2019-06-19,649 354 0935,Kakaek,ID,reconnaissance
2018-01-05,2016-03-29,850 407 0838,Tallahassee,US,interception
2007-04-08,2014-10-18,154 433 7621,Lianxia,CN,undercover surveillance
2017-09-24,2009-08-01,630 410 9852,Muḩradah,SY,interception
2022-12-11,2031-08-22,459 431 0251,Shali,RU,covert action
2021-11-12,2033-09-22,902 543 7777,Wenxing,CN,counterintelligence
2011-10-21,2010-03-04,654 344 7535,Santo António da Charneca,PT,cancelled
2008-02-10,2013-05-20,807 969 1802,Ishkhoy-Yurt,RU,active
2013-08-24,2026-12-09,207 590 9186,Agen,FR,compromised
2018-03-08,2007-12-02,373 493 2762,Černošín,CZ,compromised
2011-12-01,2016-08-12,724 419 0965,Eira da Pedra,PT,cancelled
2016-11-21,2027-11-02,794 341 5804,Degerfors,SE,extraction
2014-09-26,2015-01-03,763 115 4204,Chenôve,FR,surveillance
2010-04-30,2023-09-15,395 331 3806,Foz Sousa,PT,delayed
2007-08-22,2017-11-27,313 394 8139,Toutai,CN,delayed
2013-05-29,2029-09-10,205 527 9698,Vyerkhnyadzvinsk,BY,ongoing
2016-03-30,2024-10-26,714 188 6043,Comapa,GT,counterintelligence
2022-03-13,2023-02-05,478 295 6978,Pärnu,EE,completed
2019-07-23,2018-03-15,479 555 8098,Sarapul,RU,cancelled
2011-08-11,2033-01-01,491 168 2964,Byczyna,PL,rescue
2017-03-29,2018-08-16,495 682 6559,Shichuan,CN,infiltration
2019-08-16,2006-02-08,243 334 6236,La Soledad,MX,completed
2015-02-10,2021-05-17,297 859 1505,Aguada de Pasajeros,CU,cancelled
2007-10-02,2007-02-12,384 745 2210,Ditsaan,PH,active
2017-12-27,2018-07-13,855 515 1854,Tangwei,CN,high priority
2011-01-28,2031-08-31,568 397 2482,Barão de Cocais,BR,undercover
2014-06-07,2011-07-30,496 922 9252,Noşratābād,IR,undercover surveillance
2013-05-16,2007-02-16,196 992 9680,Entre Rios,BR,cancelled
2006-01-21,2017-04-05,986 206 7295,Oss,NL,undercover
2023-07-10,2006-11-07,302 340 9866,Hekou,CN,active
2015-11-08,2011-01-27,574 331 1462,Jurva,FI,active
2009-05-16,2029-02-05,193 757 7703,Jiaoziya,CN,ongoing
2022-04-22,2007-02-03,692 408 0598,Ilhabela,BR,active
2012-10-12,2020-10-16,976 991 6647,Una,BR,infiltration
2014-10-04,2033-11-13,947 207 6244,Tomé Açu,BR,covert
2019-01-12,2022-04-16,170 888 3954,Emiliano Zapata,MX,rescue
2022-04-11,2006-06-20,636 238 5824,Aston,GB,high priority
2019-11-02,2007-06-02,991 322 5484,Novomoskovs’k,UA,active
2007-06-22,2008-09-01,917 485 6906,Banjarsari,ID,delayed
2006-11-12,2027-11-11,354 420 6082,Marseille,FR,completed
2007-06-10,2015-02-06,540 820 5912,Colinas,BR,under review
2021-02-01,2020-07-01,809 779 5751,La Dorada,CO,compromised
2010-05-30,2030-03-03,267 627 7814,Dhrosiá,GR,undercover surveillance
2023-07-14,2017-10-13,213 775 0797,Da’an,CN,high priority
2019-08-14,2022-03-22,790 808 9110,Michałów,PL,extraction
2012-07-15,2017-05-13,702 252 7731,Las Vegas,US,covert
2014-06-27,2006-04-06,801 925 5940,Carvalhal,PT,rescue
2019-11-29,2018-02-01,852 976 9588,Cungapmimbo,ID,cancelled
2007-01-30,2013-05-02,578 356 9858,Ríohacha,CO,surveillance
2007-10-03,2019-09-18,652 354 7415,Wuppertal,DE,undercover surveillance
2007-01-15,2029-09-28,858 580 7749,Chakaray,AF,rescue
2011-05-11,2016-06-05,551 574 1817,Ipubi,BR,rescue
2022-12-04,2025-08-31,265 377 3586,Nakuru,KE,cancelled
2022-02-15,2023-07-16,526 667 6833,Ang Thong,TH,reconnaissance
2013-11-18,2029-08-08,205 173 9826,Sinazongwe,ZM,covert action
2022-11-10,2018-10-08,809 646 5545,Karagay,RU,delayed
2018-08-06,2017-01-09,921 879 9954,Santa Fé do Sul,BR,counterintelligence
2015-07-07,2012-03-04,212 312 6841,Ore,NG,undercover
2011-06-10,2027-04-15,853 598 4146,Hamilton,BM,under review
2019-09-03,2023-02-05,625 841 2042,Tolbazy,RU,covert action
2019-01-19,2008-10-08,292 713 2944,Yetang,CN,covert
2023-12-29,2015-03-12,137 490 2998,Zavetnoye,RU,covert
2013-01-25,2030-09-07,506 886 7800,Muravlenko,RU,infiltration
2011-11-21,2018-01-20,451 784 2632,Cerro de Pasco,PE,delayed
2018-08-18,2011-06-15,183 385 5709,Vnorovy,CZ,under review
2009-10-11,2018-06-07,603 932 6628,Quinta do Sobrado,PT,counterintelligence
2005-05-03,2016-08-27,530 540 1779,Loboniki,ID,undercover surveillance
2009-05-20,2010-09-03,280 202 9254,Baoshui,CN,rescue
2018-03-08,2021-12-28,965 825 2698,El Ángel,EC,under review
2005-03-14,2012-01-09,967 731 4979,Santiago de María,SV,high priority
2016-11-02,2021-10-27,853 504 2279,Rueil-Malmaison,FR,undercover surveillance
2014-07-20,2010-02-03,929 822 7501,Tegalalang,ID,under review
2023-07-22,2030-04-30,973 359 4117,Kengyuan,CN,rescue
2016-08-16,2024-03-08,183 604 8300,Yelyzavethradka,UA,extraction
2010-12-28,2013-02-16,858 187 0085,Suleja,NG,under review
2021-12-18,2032-09-25,900 249 8641,Sarapul,RU,covert
2019-09-03,2011-11-23,485 601 9355,Piñahan,PH,counterintelligence
2021-11-04,2023-11-23,753 949 4545,Xylaganí,GR,covert
2013-04-11,2025-09-21,660 275 6109,Cajuru,BR,active
2021-02-28,2025-12-12,130 826 2497,Vetlanda,SE,covert action
2013-07-09,2014-06-14,367 778 6065,Safara,PT,covert action
2020-08-26,2029-02-18,433 521 3037,Maputsoe,LS,infiltration
2008-12-30,2026-02-20,291 753 0561,Iñapari,PE,extraction
2023-09-12,2031-01-19,639 907 6885,Kasimov,RU,undercover surveillance
2023-08-16,2016-09-30,807 586 1527,Haruman,ID,covert action
2013-11-17,2011-07-22,950 436 4704,Chlói,GR,rescue
2005-02-05,2009-09-04,399 460 4262,Mulleriyawa,LK,delayed
2011-11-27,2020-04-04,773 978 2048,Baleal,PT,delayed
2009-05-16,2031-12-22,838 641 4832,Dongchong,CN,counterintelligence
2011-07-17,2011-02-08,661 984 3847,Ghazni,AF,rescue
2013-01-29,2031-08-17,397 322 2543,Santa Cruz da Graciosa,PT,cancelled
2006-03-18,2023-10-01,853 417 3720,Santo André,PT,surveillance
2022-12-14,2015-12-10,750 455 3820,Barreiro do Jaíba,BR,ongoing
2018-02-01,2018-03-14,400 380 2324,Dawuhan,ID,counterintelligence
2008-06-17,2026-11-02,376 195 5100,Meikeng,CN,undercover
2015-05-31,2029-12-26,613 328 6606,Cililitan,ID,active
2005-03-10,2027-10-26,392 792 7914,Zeist,NL,active
2005-11-08,2031-09-25,565 478 8226,Bolderaja,LV,rescue
2006-04-16,2015-10-23,442 776 7154,Zhabagly,KZ,compromised
2009-05-03,2017-01-12,726 573 5246,Khairiahmandah,ID,delayed
2012-08-10,2025-08-03,465 760 1257,Palhoça,BR,delayed
2008-02-25,2034-04-03,234 671 3104,Quanzhou,CN,undercover
2005-08-15,2026-02-16,640 478 8288,Qincheng,CN,compromised
2016-09-20,2032-02-26,749 490 1444,Tonggu,CN,rescue
2008-10-09,2017-10-18,242 171 9754,Ximafang,CN,undercover surveillance
2009-10-18,2027-12-07,331 495 9436,Bibrka,UA,cancelled
2011-09-13,2028-03-25,567 667 9127,An Nāşirah,SY,completed
2019-01-18,2012-10-10,233 114 5013,Bunawan,PH,under review
2015-02-13,2020-10-30,749 436 0998,Shiren,CN,compromised
2014-09-26,2022-08-31,928 191 7919,Kholm,RU,undercover surveillance
2011-07-29,2034-08-30,735 599 0382,Longmen,CN,ongoing
2007-03-22,2013-03-02,279 417 0575,Guyancourt,FR,rescue
2008-03-04,2026-08-03,454 638 2610,Andaray,PE,under review
2018-03-02,2019-06-19,435 927 1759,Sengeti,ID,ongoing
2015-01-24,2016-03-26,598 965 0356,Weiting,CN,interception
2011-02-08,2014-07-27,414 152 7423,Tilik,PH,reconnaissance
2014-04-07,2027-05-13,491 222 7390,Bascaron,PH,undercover surveillance
2012-12-24,2033-10-02,440 375 6485,Birštonas,LT,undercover
2006-02-12,2020-01-06,852 929 3647,Kunyang,CN,high priority
2017-12-22,2014-01-23,411 454 5333,Zhangjia,CN,undercover surveillance
2016-09-04,2014-09-03,596 388 3420,Javhlant,MN,completed
2016-11-28,2024-09-02,926 324 6083,Funaishikawa,JP,reconnaissance
2008-08-12,2020-09-18,954 604 2530,Melres,PT,covert action
2016-07-20,2034-03-26,188 662 7097,Delft,NL,reconnaissance
2010-08-27,2007-02-06,969 552 1476,Banjar Laing,ID,rescue
2022-06-28,2009-03-04,788 126 4573,Esperanza,PH,interception
2015-10-06,2012-03-19,204 206 0674,Babakankadu,ID,covert
2022-12-23,2028-09-08,491 124 8360,Helmsange,LU,covert action
2005-07-27,2032-05-08,276 616 3360,Enjiang,CN,covert
2007-07-16,2016-03-18,669 901 0642,Frederico Westphalen,BR,rescue
2016-06-30,2021-07-02,538 927 1090,Canhestros,PT,undercover
2014-08-01,2011-12-16,658 114 3350,Dalaba,GN,covert
2007-03-27,2023-04-19,535 392 5454,Munjul,ID,interception
2017-10-26,2033-04-19,165 473 4723,Jintao,CN,covert
2017-05-10,2023-07-07,772 242 8142,Thị Trấn Tam Điệp,VN,completed
2012-09-04,2020-06-07,291 575 9936,Akriní,GR,reconnaissance
2007-12-10,2033-08-08,100 683 0402,Krylovskaya,RU,delayed
2014-09-30,2023-10-19,218 665 2493,Gardawice,PL,surveillance
2006-06-16,2018-06-11,768 854 3221,Velas,PT,ongoing
2021-06-08,2019-08-04,754 364 3989,Batroûn,LB,undercover surveillance
2009-05-25,2016-06-05,763 847 2777,Umuahia,NG,counterintelligence
2016-01-12,2017-09-27,855 894 9666,Zepita,PE,rescue
2017-11-23,2025-01-08,167 302 0623,Brodokalmak,RU,covert action
2008-04-05,2023-02-13,408 195 2409,Bergen,NO,infiltration
2005-04-07,2006-07-27,821 390 0261,Guazhou,CN,counterintelligence
2005-03-29,2020-05-03,393 990 1172,Gayam,ID,surveillance
2016-07-10,2028-05-28,873 223 1293,Maochen,CN,infiltration
2012-04-12,2013-05-01,678 851 1508,Phra Khanong,TH,extraction
2012-06-17,2033-02-20,755 502 4474,Mandeman Daya,ID,covert
2020-01-09,2019-03-01,827 220 7426,Berlin,DE,active
2018-12-29,2017-01-10,841 242 2558,Cuispes,PE,undercover surveillance
2014-11-26,2031-11-21,373 164 3953,Du’ermenqin,CN,compromised
2019-05-22,2017-01-14,318 913 7896,Sobreira,PT,rescue
2020-01-05,2007-05-07,902 716 4988,Loma Alta,MX,interception
2007-12-25,2007-12-09,501 589 8055,Luchingu,TZ,completed
2013-04-29,2027-07-11,510 448 6064,Casal da Anja,PT,covert
2022-04-17,2023-10-12,469 286 5792,Port Colborne,CA,infiltration
2010-03-11,2023-11-04,368 914 7105,Jincheng,TW,high priority
2011-07-19,2006-10-31,414 252 7459,Poniklá,CZ,ongoing
2009-05-20,2008-05-01,521 762 7068,Xinming,CN,extraction
2022-02-01,2014-02-11,326 900 2274,Västra Frölunda,SE,ongoing
2018-07-25,2028-11-27,872 721 3604,Thompson,CA,completed
2017-12-22,2008-06-18,649 128 8134,Nowy Dwór Mazowiecki,PL,counterintelligence
2008-01-07,2023-02-07,601 870 3570,General Lavalle,AR,ongoing
2020-11-29,2017-09-01,485 440 6664,Tracal,ID,rescue
2007-05-17,2034-07-21,721 993 1030,Staryy Saltiv,UA,active
2020-08-16,2010-04-25,133 164 2331,Iturama,BR,ongoing
2020-07-16,2023-01-24,532 985 7018,San Jose del Monte,PH,completed
2019-08-18,2015-11-09,203 588 1294,Lombo Meão,PT,undercover
2013-04-25,2026-06-30,462 987 9487,Carrasqueira,PT,undercover
2012-03-03,2016-10-04,763 502 4031,‘Ubāl,YE,interception
2011-08-05,2029-02-09,171 340 4437,Pangapisan,PH,under review
2018-03-04,2020-10-26,616 495 7238,Petare,VE,under review
2019-07-29,2009-02-28,349 160 1035,Gradec,MK,reconnaissance
2006-04-28,2009-03-15,715 509 4150,Semiring,ID,completed
2020-02-18,2011-02-21,794 470 7341,Antíparos,GR,covert
2010-06-24,2010-02-27,679 329 9303,Gbarnga,LR,reconnaissance
2020-08-01,2019-04-17,872 282 4339,Tanamiting,ID,high priority
2015-07-20,2017-09-09,674 861 4616,Miānwāli,PK,active
2023-01-02,2013-09-10,272 454 5592,Twyford,GB,reconnaissance
2012-08-27,2014-02-16,519 419 0053,Villa Elisa,PY,reconnaissance
2013-08-15,2008-01-12,638 913 0362,Vawkavysk,BY,rescue
2019-05-29,2022-03-27,563 264 5865,Kubangsari,ID,surveillance
2011-11-17,2021-08-08,913 250 2795,Glasnevin,IE,undercover
2006-06-15,2014-08-24,713 106 7057,Los Rastrojos,VE,cancelled
2018-09-18,2030-06-13,657 592 5385,Lunao,PH,covert
2011-12-30,2024-10-29,676 924 4648,Huancheng,CN,infiltration
2018-07-14,2025-10-22,970 321 8840,Behābād,IR,active
2015-06-14,2022-12-05,930 447 6520,Tapiramutá,BR,compromised
2008-04-21,2017-10-23,485 973 0857,Mao,TD,undercover surveillance
2007-03-10,2033-11-11,894 634 5857,Xiangjia,CN,under review
2006-01-22,2018-10-22,949 894 8611,San Diego,US,under review
2006-09-24,2012-03-29,202 277 8651,Couto,PT,undercover
2008-08-19,2019-05-31,142 559 0573,Yangiobod,UZ,rescue
2015-04-22,2006-12-22,796 552 5289,Atawutung,ID,reconnaissance
2005-09-13,2021-09-09,334 256 4177,Yungaisi,CN,high priority
2009-07-15,2024-06-25,155 149 5955,Ḩuraytān,SY,covert
2015-04-15,2023-01-29,891 279 7018,Xitiangezhuang,CN,undercover
2013-12-25,2024-09-22,415 707 7855,Milíkov,CZ,covert
2022-06-26,2022-08-29,917 864 8121,Maliiha,ID,counterintelligence
2009-06-08,2023-11-24,184 998 3544,Mulyoagung,ID,undercover surveillance
2006-01-09,2024-06-03,253 298 7427,Bohdalov,CZ,reconnaissance
2012-01-13,2023-01-28,257 264 1089,Zelmeņi,LV,under review
2023-08-16,2013-09-13,263 380 1235,Nankāna Sāhib,PK,delayed
2022-02-16,2024-07-16,538 394 2760,Nancy,FR,undercover surveillance
2019-08-14,2007-02-15,227 484 9448,Makapanstad,ZA,covert
2007-09-11,2031-06-11,416 165 5378,Sainte-Marthe-sur-le-Lac,CA,covert
2019-01-10,2015-09-20,319 832 6299,Cedar Rapids,US,undercover
2019-08-14,2028-07-07,206 773 6611,Zamora,EC,covert
2007-04-03,2019-04-01,958 943 3791,Tabuc Pontevedra,PH,extraction
2017-05-20,2024-07-11,156 764 8889,San Miguel de Tucumán,AR,cancelled
2005-12-02,2028-05-04,326 128 7903,Khirdalan,AZ,covert action
2009-07-29,2033-11-28,885 524 5393,Lysekil,SE,completed
2011-12-21,2021-02-23,649 192 9263,Bloemhof,ZA,compromised
2022-12-02,2013-02-22,144 282 0625,Malé Svatoňovice,CZ,completed
2022-11-06,2016-07-28,599 187 0159,Angoulême,FR,reconnaissance
2015-10-15,2032-08-08,716 470 7382,Gigant,RU,infiltration
2015-04-04,2010-07-08,592 496 3161,Alfonso,PH,covert action
2014-12-24,2013-01-17,275 695 7370,Huangcun,CN,rescue
2013-02-05,2031-06-23,960 830 7018,Goianésia,BR,extraction
2020-04-29,2008-04-13,710 431 5462,Jepara,ID,undercover surveillance
2018-04-05,2014-09-01,933 724 7208,Khonj,IR,high priority
2017-05-09,2020-03-09,295 340 5691,Enhtal,MN,active
2009-04-21,2007-11-17,972 900 3146,Kuching,MY,ongoing
2006-06-30,2009-10-02,890 438 8465,Zhulebino,RU,delayed
2005-02-14,2027-11-26,763 769 9208,Njeru,UG,delayed
2020-01-07,2028-09-16,310 608 3633,Jiangning,CN,reconnaissance
2020-08-07,2025-04-13,474 417 7020,Huashi,CN,ongoing
2021-04-24,2032-05-22,910 363 7751,Asíni,GR,under review
2014-07-22,2008-01-12,494 959 7016,Tetyushi,RU,covert action
2007-01-18,2032-05-09,818 191 1496,Krajan C Wonorejo,ID,delayed
2014-01-12,2030-01-02,887 277 9571,Salerno,IT,interception
2011-01-05,2033-08-11,924 297 2088,Puerto Berrío,CO,interception
2008-03-11,2019-02-17,856 467 6282,Canomoy,PH,covert action
2012-01-08,2027-03-14,860 269 2857,Cipondok,ID,completed
2023-08-07,2032-04-05,874 145 9965,Mont-Tremblant,CA,extraction
2023-07-05,2032-11-25,876 341 4101,Tamanar,MA,compromised
2018-04-23,2019-03-19,670 631 8563,Lae,MH,ongoing
2015-10-17,2034-09-04,623 289 7589,Mendeleyevo,RU,ongoing
2009-07-14,2031-07-03,499 987 8265,Huaibei,CN,delayed
2013-09-29,2015-01-18,697 323 9655,Nivnice,CZ,ongoing
2013-02-24,2033-11-03,120 930 9604,Petropavlovka,RU,reconnaissance
2019-10-27,2012-02-01,842 425 2230,Kebonan,ID,rescue
2020-04-16,2007-06-09,321 241 8904,Kambar,PK,extraction
2015-08-01,2012-06-20,194 772 5721,Novhorodka,UA,under review
2014-07-18,2033-12-08,927 978 1943,Uvarovka,RU,interception
2012-09-12,2022-02-06,655 948 1550,Mandesan,ID,counterintelligence
2008-03-20,2033-11-23,962 576 2817,Tanghu,CN,active
2023-12-14,2010-11-07,680 571 7890,Simrishamn,SE,surveillance
2013-03-15,2032-07-06,387 128 4574,Rudolfov,CZ,undercover surveillance
2013-01-23,2019-05-21,396 557 8500,Malhão,PT,compromised
2017-09-02,2015-05-05,403 124 5375,San Juan del Surutú,BO,extraction
2013-05-29,2008-11-06,770 640 7608,Baykonyr,KZ,under review
2017-03-16,2011-02-09,646 846 7374,Yŏnmu,KR,undercover surveillance
2013-11-04,2021-10-10,412 807 1441,Pittsburgh,US,rescue
2023-07-01,2033-08-02,178 645 8693,Sumberagung,ID,covert
2021-05-24,2015-08-25,123 738 3995,Ōbu,JP,extraction
2022-02-23,2025-05-10,299 773 7748,Zamoskvorech’ye,RU,ongoing
2022-11-18,2025-04-24,535 295 3026,Novi Beograd,RS,compromised
2018-04-13,2008-09-13,264 492 9179,Port-Cartier,CA,extraction
2008-07-08,2012-06-11,916 306 2619,Cañasgordas,CO,under review
2011-07-03,2009-04-11,958 407 6170,Nantes,FR,counterintelligence
2012-10-29,2034-02-10,650 401 9747,Staraya Ladoga,RU,counterintelligence
2014-08-22,2011-02-23,745 977 7427,Pleasant Point,NZ,surveillance
2009-02-15,2034-03-19,802 929 0247,Uijeongbu-si,KR,infiltration
2021-03-28,2019-08-20,911 872 1560,San José de Mayo,UY,completed
2022-05-09,2007-07-05,656 669 2259,Dërmënas,AL,high priority
2017-06-24,2029-05-09,303 248 5411,Denver,US,extraction
2013-05-25,2032-05-23,504 133 2509,Sugiharjo,ID,extraction
2023-12-27,2008-09-09,284 763 0989,Wum,CM,interception
2008-06-03,2028-05-11,169 691 7126,Gressier,HT,compromised
2012-04-16,2027-11-22,684 146 2590,Lodan Wetan,ID,undercover surveillance
2007-02-19,2032-11-04,806 418 7493,Binagadi,AZ,undercover surveillance
2011-06-09,2018-08-28,444 373 5454,Lunenburg,CA,covert
2015-01-14,2007-04-25,418 974 0759,Uppsala,SE,delayed
2015-10-11,2010-04-23,456 280 8625,Castanhal,BR,undercover
2018-10-16,2018-09-29,309 818 3242,Aţ Ţawīlah,YE,rescue
2023-04-27,2006-03-22,420 961 1896,Lago dos Rodrigues,BR,delayed
2010-11-12,2024-12-17,647 381 3105,Gushan,CN,active
2013-12-08,2022-12-03,211 643 7005,Ruo,FM,high priority
2009-01-30,2026-09-12,585 625 2393,Solna,SE,active
2016-02-15,2021-12-02,973 416 4749,Baruta,VE,undercover surveillance
2016-01-02,2025-03-20,105 284 7108,Daduo,CN,active
2023-07-27,2032-11-22,369 390 0864,Chambellan,HT,high priority
2011-01-28,2017-04-23,961 632 4289,Nārang,PK,covert action
2013-11-04,2033-05-17,978 816 4627,Vishnyeva,BY,under review
2017-03-21,2027-03-02,686 937 0145,Strasbourg,FR,interception
2009-11-29,2028-12-18,134 293 8776,Wengang,CN,covert action
2014-01-18,2031-08-16,514 433 4559,Hidalgo,MX,delayed
2005-07-31,2013-06-09,553 536 1936,Nový Bydžov,CZ,delayed
2009-12-14,2023-06-15,383 930 9585,Sasebo,JP,rescue
2019-06-24,2024-12-21,233 612 7889,Paris 04,FR,infiltration
2012-01-31,2013-12-24,580 496 2034,Saparua,ID,counterintelligence
2014-03-20,2026-02-17,255 639 0524,Solna,SE,delayed
2011-01-06,2021-09-08,487 564 4826,Kalenderovci Donji,BA,cancelled
2018-05-07,2009-08-08,763 535 5459,Itaboraí,BR,under review
2012-01-05,2026-04-27,414 491 5903,Jiayuguan,CN,cancelled
2007-06-28,2023-11-15,136 609 6180,Jiangnan,CN,completed
2006-12-24,2019-03-06,308 237 7646,Pokrovskoye-Streshnëvo,RU,completed
2018-06-05,2022-08-14,875 455 0700,Pulaukijang,ID,compromised
2019-08-28,2033-05-21,948 334 5307,Ljusdal,SE,rescue
2011-11-01,2008-12-09,194 143 3422,Tiling,PH,rescue
2006-01-01,2034-09-23,865 658 1398,Bjuv,SE,undercover surveillance
2013-12-10,2016-06-27,758 739 1814,Lumatil,PH,ongoing
2022-01-13,2012-02-20,942 445 8897,Dalian,CN,high priority
2012-08-24,2022-07-18,689 720 9156,Pécs,HU,rescue
2011-05-11,2012-08-22,659 995 1368,Krajan,ID,active
2016-11-01,2019-12-16,369 386 3975,Sanhe,CN,surveillance
2007-03-09,2017-03-19,767 872 3353,Bouarouss,MA,delayed
2021-05-05,2015-05-19,195 792 6385,Safed,IL,covert
2009-10-10,2012-04-20,963 719 3567,Cikujang,ID,delayed
2008-04-03,2011-06-17,926 543 2171,Katipunan,PH,extraction
2008-11-30,2016-04-03,910 857 8403,Wilmington,US,under review
2008-03-01,2030-06-16,618 442 5582,Sanpai,CN,covert action
2013-02-27,2026-08-25,589 523 8765,Umeå,SE,reconnaissance
2009-06-10,2034-02-25,215 874 3011,Dasht-e Qal‘ah,AF,covert
2010-10-12,2014-11-08,577 429 9926,Foúrnoi,GR,high priority
2019-12-05,2018-07-12,844 493 3749,Tomaszów Mazowiecki,PL,under review
2015-06-29,2013-06-18,283 567 2196,Colmeal,PT,undercover
2020-09-09,2031-07-27,504 157 5292,Shanguang,CN,cancelled
2011-07-17,2026-09-23,264 929 9130,Robīt,ET,delayed
2011-07-04,2010-11-25,633 826 3241,Trá Mhór,IE,ongoing
2016-05-07,2024-08-09,436 485 2371,Yantang,CN,undercover surveillance
2011-06-24,2011-11-06,773 373 4767,Tabonok,PH,undercover surveillance
2016-04-26,2023-05-15,763 575 0858,Jilili,PE,high priority
2014-03-13,2013-02-03,559 209 8017,Jatisari,ID,completed
2014-05-28,2007-12-21,447 538 3099,Longkou,CN,reconnaissance
2005-03-30,2021-02-24,437 423 6579,Gombe,UG,high priority
2019-06-21,2021-07-07,296 765 4955,Saint Croix,VI,high priority
2017-08-12,2022-04-27,651 176 2031,Umeå,SE,ongoing
2005-11-07,2017-08-06,243 246 6190,Dobrovo,SI,undercover surveillance
2007-04-30,2011-03-29,904 112 2230,Saint Augustine,US,active
2019-05-30,2015-01-10,510 328 0345,T’ianet’i,GE,surveillance
2017-06-06,2023-05-02,288 844 2318,Ituzaingó,AR,rescue
2017-07-13,2009-01-29,168 529 5794,Tabanan,ID,ongoing
2012-06-01,2029-09-05,331 212 9553,Niaojin,CN,covert action
2007-06-05,2033-07-29,127 650 7805,Roma,IT,high priority
2015-01-08,2033-07-04,587 167 4388,Nowosielce,PL,extraction
2010-03-02,2016-09-12,730 489 3002,Benger,ID,delayed
2011-12-20,2006-03-23,196 108 6328,Hongshan,CN,covert
2007-06-29,2032-08-14,655 902 7933,Carazinho,BR,ongoing
2009-12-03,2018-08-16,189 913 6660,Vegachí,CO,covert action
2009-12-18,2021-07-04,202 877 4051,Goseong,KR,rescue
2018-10-11,2027-10-22,113 718 4561,Ulme,PT,compromised
2020-10-05,2012-04-23,598 942 1305,Toulouse,FR,compromised
2020-03-04,2023-03-30,236 127 6009,Orange Farm,ZA,ongoing
2006-01-15,2019-02-08,111 532 4058,Cabcaben,PH,cancelled
2006-09-13,2006-11-26,108 985 0872,Madrid,PH,under review
2007-11-29,2033-08-27,485 523 2591,Verkhoshizhem’ye,RU,under review
2006-06-06,2026-02-07,747 212 6456,Chifeng,CN,undercover surveillance
2010-12-06,2022-10-08,985 172 5727,Allanridge,ZA,completed
2006-02-14,2026-02-14,260 435 4160,Tocha,PT,undercover surveillance
2021-11-01,2033-10-25,313 163 8587,Thio,NC,ongoing
2006-08-28,2021-06-19,259 240 9301,Dieppe,FR,covert action
2007-06-29,2017-08-04,201 908 3232,Tuburan,PH,covert action
2008-09-28,2015-12-03,548 884 7773,Jugezhuang,CN,rescue
2010-04-23,2007-05-09,972 856 6320,Lukunor,FM,rescue
2018-09-17,2008-03-25,722 172 4178,Campinas,BR,high priority
2019-11-22,2018-02-06,982 702 0540,København,DK,extraction
2012-02-08,2016-04-09,717 422 8854,Nueva Fuerza,PH,compromised
2017-07-19,2008-02-27,832 289 4068,Zākhū,IQ,surveillance
2014-07-14,2034-10-27,584 962 8524,Chizhou,CN,surveillance
2020-05-29,2030-09-24,771 802 4049,Simão Dias,BR,reconnaissance
2022-09-21,2007-02-25,778 363 5395,Oshnavīyeh,IR,reconnaissance
2011-04-10,2022-10-05,859 616 2156,Badung,ID,compromised
2006-01-30,2007-10-31,310 411 0746,Jamshoro,PK,undercover surveillance
2005-11-03,2025-01-10,689 915 6309,Baixi,CN,surveillance
2022-01-03,2026-11-28,614 966 7494,Babakansari,ID,cancelled
2013-10-15,2030-07-05,670 570 6167,Sulitair,ID,under review
2006-06-09,2024-12-17,378 981 2293,Gómez,PA,interception
2005-05-09,2023-06-22,379 689 0862,Ulsan,KR,undercover
2022-10-04,2027-10-23,823 661 6539,Doba,TD,counterintelligence
2020-12-28,2011-02-20,294 564 9560,Vani,GE,covert
2022-09-08,2023-10-07,508 133 4801,Avignon,FR,high priority
2006-03-03,2007-06-15,584 969 9831,Itabuna,BR,compromised
2018-09-09,2025-01-11,817 626 3721,Zuru,NG,under review
2012-10-23,2019-11-17,276 655 1754,Kopychyntsi,UA,rescue
2023-10-31,2022-05-04,755 554 3944,Novhorod-Sivers’kyy,UA,undercover
2006-03-27,2016-09-19,971 456 0884,Cafe,PH,ongoing
2010-10-14,2010-06-23,251 551 5749,Lebyazh’ye,RU,covert action
2017-12-09,2016-05-12,738 127 8104,Bayanhongor,MN,active
2013-01-05,2022-11-12,987 683 5081,Antsohimbondrona,MG,extraction
2011-12-27,2008-09-25,244 362 1877,Jajaway,ID,active
2014-04-04,2029-04-13,123 869 4839,Apartadó,CO,infiltration
2017-02-24,2008-11-21,998 212 5526,George Town,KY,compromised
2009-10-17,2006-12-02,461 837 4744,Tamatam,FM,high priority
2006-10-18,2006-06-08,684 272 1839,Damnica,PL,undercover
2022-07-27,2007-01-27,988 811 8754,Wuquan,CN,infiltration
2015-08-24,2012-06-28,808 758 2975,São João de Meriti,BR,surveillance
2006-12-17,2011-12-03,438 399 9317,Diekirch,LU,undercover
2017-03-14,2031-08-11,250 454 1477,Wanfu,CN,high priority
2020-01-09,2021-08-22,536 542 8279,Rubik,AL,surveillance
2021-04-25,2009-11-23,742 796 9688,Kawit,PH,high priority
2021-03-08,2018-12-24,428 102 7663,Manghit,UZ,infiltration
2021-06-24,2010-12-24,818 223 2353,Aricagua,VE,cancelled
2022-07-10,2023-11-16,936 864 1012,Cepões,PT,rescue
2015-10-30,2013-01-13,325 122 9555,Batgrām,PK,interception
2008-03-21,2015-06-20,559 463 1118,Đạ Tẻh,VN,surveillance
2011-10-18,2020-05-28,604 280 9711,Duque de Caxias,BR,infiltration
2005-02-06,2026-04-30,600 486 8814,Malanday,PH,under review
2022-04-19,2008-08-02,561 459 9909,Sandaoba,CN,compromised
2010-02-05,2018-02-09,147 721 9376,Umunede,NG,under review
2021-04-29,2017-12-19,695 457 1091,Gllogjan,XK,interception
2018-07-27,2008-05-23,454 885 9331,Bulakbanjar,ID,compromised
2020-11-13,2028-05-09,518 645 2182,Smolenskaya,RU,undercover
2014-07-13,2015-06-30,266 271 8665,Oral,KZ,active
2011-09-02,2006-10-26,682 373 7788,Anjozorobe,MG,rescue
2008-11-11,2029-04-26,865 557 5852,Iroquois Falls,CA,covert action
2017-10-09,2007-12-19,503 456 4515,Portland,US,extraction
2011-06-20,2034-12-28,801 469 0733,Velille,PE,covert
2017-12-12,2011-04-19,350 302 1013,Pergamos,CY,undercover surveillance
2008-10-20,2024-10-28,925 221 4615,Rana,PT,undercover
2011-07-16,2018-06-23,934 117 1200,Rychtal,PL,extraction
2021-03-06,2019-01-29,219 514 9798,Jiyukou,CN,ongoing
2005-05-28,2028-05-07,819 801 9979,Delta del Tigre,UY,counterintelligence
2009-07-26,2013-05-04,838 558 6918,Cikulahan,ID,extraction
2007-06-16,2029-09-06,867 501 9392,Colonia Elía,AR,undercover surveillance
2008-01-09,2013-05-26,142 441 6149,Virovitica,HR,high priority
2018-10-28,2033-04-30,555 710 1250,Sepanjang,ID,rescue
2008-11-02,2021-05-07,863 253 8130,Aghavnadzor,AM,under review
2021-06-22,2029-10-26,145 943 1066,Zheshan,CN,interception
2011-11-05,2010-05-27,248 677 0177,Järfälla,SE,covert
2007-03-01,2009-07-22,274 651 9288,Póvoa,PT,rescue
2011-12-21,2011-05-10,859 437 4839,Dingjiaqiao,CN,interception
2005-07-07,2027-02-28,559 821 1043,Vällingby,SE,infiltration
2021-08-24,2012-08-19,580 317 7945,Hoktember,AM,under review
2015-04-03,2021-03-21,944 801 4913,Lavradio,PT,covert
2022-09-15,2010-06-28,345 466 0197,Gobō,JP,covert
2014-03-04,2017-05-08,553 441 2767,Tanggung,ID,infiltration
2012-05-25,2017-12-09,556 136 9572,Ufa,RU,extraction
2010-04-25,2008-11-14,485 199 9688,Kruty,UA,covert action
2005-10-29,2024-06-25,691 552 7128,Radojevo,RS,reconnaissance
2018-09-23,2020-08-09,365 569 4762,Aguas del Padre,HN,delayed
2009-07-26,2017-11-16,208 303 6661,Floda,SE,reconnaissance
2023-12-06,2013-11-26,483 360 5957,Soledade,BR,undercover
2019-02-22,2010-11-08,564 741 0141,Maní,CO,under review
2022-12-19,2010-04-09,236 492 9328,Mekarsari,ID,counterintelligence
2021-05-30,2014-11-11,142 685 9978,Magnitogorsk,RU,reconnaissance
2015-01-16,2010-09-20,898 469 4153,La Esperanza,MX,rescue
2010-08-04,2016-08-23,978 711 3939,Heshui,CN,counterintelligence
2017-07-08,2008-12-24,682 498 4479,Sibayo,PE,delayed
2011-02-25,2022-06-29,513 733 6267,Maythalūn,PS,extraction
2023-09-22,2017-06-16,704 572 6120,Dashu,CN,active
2021-05-20,2008-08-02,634 553 0185,Bo Phloi,TH,compromised
2023-12-05,2017-11-08,892 254 1686,Malibong East,PH,covert action
2022-02-10,2026-05-29,410 380 8881,Damascus,SY,undercover surveillance
2023-02-23,2007-08-16,151 836 9432,Viangxai,LA,cancelled
2007-04-13,2024-01-09,104 121 9381,Darma,ID,surveillance
2013-09-23,2006-11-21,957 620 5891,Pak Chong,TH,rescue
2017-08-28,2007-04-24,791 160 8855,Coayllo,PE,undercover surveillance
2014-02-20,2008-09-05,917 465 6469,Połajewo,PL,undercover surveillance
2023-12-12,2034-02-04,918 245 4322,Vitoria-Gasteiz,ES,delayed
2023-05-18,2011-10-07,298 834 5623,Vilya,RU,under review
2010-01-28,2022-02-17,100 400 3820,Šmarje pri Jelšah,SI,ongoing
2009-03-31,2019-08-22,519 562 9278,Malhão,PT,undercover surveillance
2021-07-21,2028-03-07,836 513 9255,Ghouazi,MA,covert
2015-03-05,2015-12-07,634 554 4352,Gorzyczki,PL,counterintelligence
2010-12-05,2034-06-26,157 323 8429,Cigadog,ID,completed
2022-04-11,2022-02-17,410 509 1923,Cambebba,BR,covert
2011-02-04,2015-10-28,450 502 5867,Stockholm,SE,covert
2010-10-23,2021-05-27,237 943 9732,Maroantsetra,MG,infiltration
2007-03-13,2011-03-27,968 262 6600,Waitara,NZ,infiltration
2012-11-26,2028-03-11,392 558 4923,Navatat,PH,cancelled
2020-07-25,2024-12-31,669 339 9051,Huangling,CN,ongoing
2013-11-13,2032-05-21,290 460 3256,Dongqinggou,CN,covert action
2005-03-14,2017-11-26,212 910 1886,New York City,US,ongoing
2013-03-05,2026-05-14,905 525 4852,Cayur,ID,cancelled
2021-06-25,2022-02-10,275 175 6006,Parenggan,ID,covert action
2005-03-17,2019-02-09,954 834 3566,Baishan,CN,covert action
2018-08-18,2020-05-07,665 706 1281,Parry Sound,CA,infiltration
2019-12-16,2022-03-23,716 471 4361,Bruxelles,BE,compromised
2019-10-27,2006-09-30,975 770 2804,Bergen,NO,completed
2009-04-26,2028-07-06,459 242 3349,Czerwionka-Leszczyny,PL,covert action
2017-02-05,2032-03-29,673 818 7290,Neundeut,ID,interception
2014-07-13,2024-02-19,223 227 7318,Machov,CZ,high priority
2010-03-02,2020-11-22,138 914 8257,Spas,UA,delayed
2008-05-26,2018-10-18,551 477 6486,Bengga,ID,reconnaissance
2005-10-30,2028-04-12,355 512 0811,Dębowa Łąka,PL,undercover
2021-03-22,2033-04-17,386 546 2418,Los Guayos,VE,under review
2015-04-15,2011-01-23,206 330 6604,Napnapan,PH,covert action
2023-04-02,2017-12-10,184 398 7659,Chernyanka,RU,completed
2011-01-01,2027-08-18,924 429 9554,Rosebank,NZ,under review
2005-08-22,2008-07-09,642 200 5284,Bangassou,CF,completed
2019-10-27,2012-05-16,839 965 9708,Fatuulan,ID,undercover
2023-10-16,2019-01-13,253 911 9954,Rojas,AR,cancelled
2022-05-22,2019-10-10,876 853 7670,Rio Branco,BR,ongoing
2017-02-16,2025-09-27,993 601 2295,Camaquã,BR,under review
2010-06-08,2030-10-03,511 996 7951,Bangeran,ID,undercover surveillance
2007-01-08,2022-08-27,836 395 3159,Bambanglipuro,ID,active
2010-06-08,2027-04-28,615 248 2979,Palaiseau,FR,rescue
2021-11-17,2033-11-20,758 453 6971,Fenoarivo Atsinanana,MG,counterintelligence
2005-03-05,2014-03-15,241 950 5345,Ålesund,NO,covert action
2020-11-06,2009-12-26,995 671 0452,Vanadzor,AM,cancelled
2019-09-24,2010-08-11,164 874 5266,Zhangdiyingzi,CN,undercover surveillance
2013-12-17,2016-05-31,423 493 1899,Al Ḩarajah,YE,compromised
2018-07-15,2029-05-26,316 123 8704,Huoqiu Chengguanzhen,CN,surveillance
2016-09-30,2029-01-01,860 636 0571,København,DK,active
2005-07-04,2027-05-14,428 394 9929,Babushkin,RU,compromised
2005-09-06,2016-10-13,331 532 7427,Pierreville,CA,infiltration
2022-02-15,2032-06-15,951 753 9846,Maslovka,RU,reconnaissance
2021-07-30,2025-06-21,527 510 4117,Saint-Malo,FR,active
2023-05-18,2031-01-15,848 755 1079,Xiaozhoushan,CN,under review
2006-03-25,2011-03-29,949 180 5153,Vagos,PT,reconnaissance
2013-03-01,2034-09-27,448 576 0406,Ringim,NG,covert
2008-08-15,2024-08-10,592 194 7961,Central,HK,infiltration
2016-04-19,2016-07-26,893 522 1612,Locminé,FR,counterintelligence
2011-06-26,2020-11-16,513 853 7060,Haquira,PE,ongoing
2009-05-07,2010-12-05,266 898 4617,Pakembangan,ID,surveillance
2022-12-30,2022-09-11,161 296 0067,Xylókastro,GR,completed
2009-12-17,2016-02-17,314 724 0111,Jdaidet el Matn,LB,undercover surveillance
2017-01-02,2010-12-08,551 923 9670,Shimada,JP,infiltration
2008-11-19,2023-05-25,864 444 3949,Cabuyaro,CO,undercover
2019-06-20,2016-07-10,417 634 8390,Kubangwaru,ID,extraction
2012-01-20,2020-06-29,673 179 3000,Abū Ghaush,IL,surveillance
2007-08-20,2027-09-09,713 755 3970,Nichinan,JP,active
2017-09-05,2018-03-12,202 339 3376,Washington,US,active
2022-02-01,2029-07-22,307 165 2831,Dazi,CN,cancelled
2018-04-24,2022-03-27,452 536 3959,Vologda,RU,compromised
2009-07-04,2017-09-06,132 982 2346,Pavlovsk,RU,undercover
2021-06-01,2034-08-15,236 376 4914,Carapelhos,PT,interception
2021-03-25,2008-01-15,937 293 8075,Chiara,PE,under review
2022-08-05,2029-09-27,769 368 4943,Poiares,PT,surveillance
2023-06-12,2026-06-05,856 638 9741,Alcaria,PT,undercover surveillance
2022-09-29,2015-01-01,665 730 7095,Vân Canh,VN,cancelled
2019-11-19,2029-02-15,211 749 4560,Skene,SE,ongoing
2019-04-01,2025-04-23,419 862 7705,Varser,AM,surveillance
2014-06-02,2031-10-31,328 623 7337,Yigo Village,GU,high priority
2005-04-25,2014-03-09,124 358 6541,Helie,CN,undercover surveillance
2016-04-14,2026-05-10,937 722 7635,Rulong,CN,undercover surveillance
2013-07-02,2024-06-25,414 768 0588,Dadapan,ID,rescue
2005-07-08,2028-09-21,125 285 9950,Viseu,BR,ongoing
2022-01-26,2024-12-26,933 722 8472,Nūbā,PS,counterintelligence
2021-09-23,2022-02-21,652 826 8632,Pakisaji,ID,interception
2016-05-22,2027-08-01,101 813 6407,Amper,NG,high priority
2023-07-19,2008-02-10,793 770 4716,Zhongluotan,CN,covert action
2005-07-07,2014-08-08,767 853 1421,Cibaregbeg Dua,ID,interception
2008-10-02,2019-04-27,638 451 7413,San Antonio,CO,reconnaissance
2019-03-26,2027-10-07,369 183 0756,Comé,BJ,delayed
2018-07-01,2027-07-24,131 953 4265,Mao’er,CN,rescue
2009-10-27,2025-11-03,941 593 4462,Aqaba,JO,reconnaissance
2023-09-17,2021-12-19,399 556 4207,Huyang,CN,interception
2019-01-16,2021-07-02,718 815 7989,Gardawice,PL,undercover
2005-11-18,2022-08-18,246 340 9285,Rizal,PH,under review
2010-03-12,2012-08-30,253 383 5900,Megulung,ID,delayed
2007-03-10,2024-06-25,583 195 3648,Tagdanua,PH,rescue
2016-03-21,2020-12-21,681 918 6363,Vayk’,AM,completed
2014-05-16,2023-09-02,147 794 2778,Vitoria-Gasteiz,ES,rescue
2017-06-24,2028-04-04,790 366 9001,Makamba,BI,undercover surveillance
2022-10-22,2015-07-29,796 103 7463,Nanpiao,CN,covert action
2011-10-08,2006-04-05,277 886 4333,Jaboticabal,BR,undercover surveillance
2017-01-01,2029-07-26,344 335 9257,Sonlit,ID,completed
2017-01-01,2020-01-19,241 338 5626,Mūdīyah,YE,rescue
2012-12-07,2016-01-25,110 291 8493,Zbraslavice,CZ,undercover surveillance
2022-12-19,2014-08-18,188 942 2063,Xichehe,CN,compromised
2016-03-30,2010-12-15,395 329 0690,Maliuzui,CN,delayed
2020-11-20,2034-05-12,534 472 7525,Tarauacá,BR,extraction
2019-09-11,2018-04-21,476 422 5013,Zamboanga,PH,high priority
2008-08-02,2019-12-25,852 166 1503,Magalalag,PH,ongoing
2023-04-14,2028-12-21,726 854 4117,Vlasenica,BA,delayed
2019-02-17,2027-01-22,508 181 7416,Ponong,PH,high priority
2012-04-24,2025-09-01,505 791 3115,Loa Janan,ID,under review
2010-02-20,2030-12-15,176 313 4287,Jajarkrajan,ID,surveillance
2005-09-08,2021-02-28,629 295 1438,Mayqayyng,KZ,covert action
2010-01-16,2032-05-05,113 167 2941,Smārde,LV,covert action
2014-09-16,2021-08-06,698 157 5442,Kebon,ID,undercover
2022-03-22,2011-08-07,871 769 6853,Jibu Hulangtu,CN,reconnaissance
2013-09-18,2026-10-28,690 220 8470,Carmen,PH,surveillance
2016-10-06,2024-01-10,402 734 9632,Yasenevo,RU,reconnaissance
2006-04-14,2013-06-18,284 277 2551,Paniówki,PL,undercover
2019-11-05,2019-10-21,260 299 8061,Pardesiyya,IL,counterintelligence
2014-09-14,2008-07-23,488 318 3895,Volta Redonda,BR,rescue
2009-01-23,2012-07-22,781 982 4946,Vřesina,CZ,extraction
2005-09-08,2034-05-31,451 629 7286,Yŏnggwang-ŭp,KP,undercover
2018-06-14,2022-11-17,340 551 6689,Sentul,ID,ongoing
2020-11-09,2013-02-17,978 193 8596,Zagazig,EG,covert action
2012-11-18,2024-08-03,170 467 0051,Kadugedong,ID,high priority
2022-04-20,2020-04-29,462 121 4470,Bollnäs,SE,undercover
2015-12-09,2021-09-18,418 636 8209,Santa Cruz,HN,completed
2007-03-12,2016-03-27,781 487 9456,Kindersley,CA,covert action
2023-06-04,2006-08-21,166 313 7235,Telêmaco Borba,BR,cancelled
2020-02-17,2026-04-28,989 983 0009,Mayang,ID,covert action
2023-07-09,2021-11-02,286 613 8525,Niedzica,PL,ongoing
2023-01-04,2013-10-22,466 657 9862,Lisków,PL,delayed
2005-10-13,2024-12-13,942 107 9235,Maba,CN,active
2008-11-05,2029-10-23,711 852 2738,Barang,ID,undercover
2018-05-10,2015-12-28,905 972 4519,Huangdimiao,CN,completed
2011-04-23,2028-03-08,721 705 3683,Betong,ID,high priority
2018-03-16,2009-01-26,804 734 9136,Kasli,RU,surveillance
2012-03-17,2026-06-14,252 887 8790,Sibulan,PH,counterintelligence
2006-06-05,2032-03-06,123 837 5391,Zebrzydowice,PL,interception
2023-04-23,2014-04-12,125 495 8875,Qaţanah,PS,counterintelligence
2010-11-18,2019-01-17,155 596 5817,Mégara,GR,rescue
2005-05-19,2033-09-23,811 793 8334,Balazar,PT,delayed
2010-11-16,2034-10-22,115 965 8431,Baoshui,CN,completed
2022-08-02,2034-08-12,348 203 6437,Néo Psychikó,GR,surveillance
2013-01-17,2033-09-26,322 964 5959,Aquia,PE,active
2017-07-21,2033-09-09,113 111 9995,Thessaloníki,GR,cancelled
2018-10-27,2014-08-11,958 103 0459,Hirosaki,JP,extraction
2012-04-15,2016-07-22,300 400 4498,Birmingham,GB,infiltration
2009-05-22,2010-03-22,152 583 2328,Sevaster,AL,covert action
2008-04-02,2030-06-06,842 476 3494,Zhonghe,CN,rescue
2012-08-23,2006-08-17,715 804 4887,Shangyang,CN,compromised
2023-04-29,2008-12-09,234 219 2419,Antou,CN,reconnaissance
2018-05-23,2011-04-28,319 286 0428,Shimonoseki,JP,active
2010-06-15,2029-05-17,563 814 7161,Alca,PE,reconnaissance
2014-03-20,2028-02-28,843 393 3817,Zheleznodorozhnyy,RU,under review
2012-02-12,2020-06-05,510 407 5811,Nakhon Phanom,TH,under review
2020-10-26,2027-02-06,854 978 9423,Al Qūşīyah,EG,rescue
2016-10-19,2028-09-11,254 850 5204,Machagai,AR,extraction
2023-01-25,2006-05-02,161 116 8504,Si That,TH,rescue
2006-09-29,2031-02-03,417 564 9685,Carapo,PE,interception
2017-07-02,2030-03-19,224 443 9819,Örgön,MN,completed
2020-01-15,2027-05-16,869 573 7725,Cervantes,PH,delayed
2005-03-02,2018-06-01,239 830 3701,Toong,PH,ongoing
2017-05-09,2008-04-19,407 943 7107,San José,CR,surveillance
2017-10-15,2024-06-16,156 237 5612,Gosen,JP,cancelled
2022-10-06,2007-05-23,182 920 7448,Paulo Afonso,BR,high priority
2016-10-20,2013-02-09,628 233 7651,Yipeng,CN,completed
2014-04-30,2026-01-04,853 154 3868,Overyata,RU,reconnaissance
2020-04-07,2025-06-21,533 107 7526,Baz,AL,covert
2012-02-26,2013-09-21,694 492 9187,Kafr Nubl,SY,delayed
2020-07-12,2009-04-01,950 326 5450,Hisya,SY,reconnaissance
2005-04-15,2017-12-03,833 362 9396,Trojanów,PL,under review
2019-08-23,2006-05-10,578 381 1395,Ciro Redondo,CU,undercover
2013-02-08,2027-09-13,807 323 5299,Tekstil’shchiki,RU,completed
2023-04-23,2015-02-28,455 549 4662,Zizhao,CN,undercover
2017-12-20,2009-03-06,609 683 7724,Mahīn,SY,active
2023-06-04,2006-05-20,462 959 5315,Jevišovice,CZ,extraction
2021-11-28,2028-04-20,570 685 2643,Diapaga,BF,compromised
2011-08-02,2028-09-07,584 360 2732,Kuripan,ID,interception
2020-02-18,2031-12-09,295 503 5065,Xinghua,CN,extraction
2014-09-28,2029-09-17,605 898 9988,Disina,NG,delayed
2014-11-25,2018-11-13,214 298 5073,Borås,SE,infiltration
2008-11-02,2023-07-12,450 295 5735,Jingyao,CN,delayed
2013-02-16,2011-06-24,735 455 7093,Mỹ Xuyên,VN,surveillance
2005-02-09,2032-11-01,679 335 0710,Jampang Kulon,ID,surveillance
2011-09-06,2029-11-12,249 927 5585,Krajan,ID,covert
2017-02-11,2009-03-23,123 103 6752,Erdao,CN,high priority
2014-07-23,2028-08-04,849 738 5177,Trollhättan,SE,ongoing
2011-11-10,2031-02-10,611 994 7143,Rudong,CN,reconnaissance
2005-05-07,2027-03-09,536 218 8833,Klos,AL,covert action
2018-09-23,2013-05-27,633 538 7941,Florencia,CO,infiltration
2009-07-22,2018-06-30,287 712 1438,Cinangka,ID,completed
2019-03-28,2025-12-08,597 104 9687,Choushui,CN,active
2023-10-17,2031-02-15,828 670 6064,Kuwayris Sharqī,SY,reconnaissance
2011-02-01,2022-12-26,114 827 7613,Paraíso,CR,rescue
2021-01-13,2028-06-01,723 308 5707,Mazhonghe,CN,covert action
2017-11-06,2007-11-26,440 451 9063,Wucheng,CN,high priority
2009-06-14,2008-09-10,505 930 7719,Göteborg,SE,completed
2021-11-05,2006-12-14,155 490 3971,Kohtla-Järve,EE,under review
2018-06-21,2021-09-16,377 847 8065,Jugezhuang,CN,cancelled
2022-05-02,2023-06-11,680 979 9820,Ciharalang,ID,rescue
2017-11-09,2025-10-10,510 114 2744,Chelgard,IR,covert
2020-11-14,2025-01-08,272 183 6203,Đắk Mil,VN,covert
2012-10-07,2016-12-28,395 682 7675,Vittel,FR,compromised
2022-08-06,2020-04-21,477 455 4368,Smara,EH,covert
2007-06-30,2016-08-16,971 609 7289,Riverton,NZ,completed
2022-11-07,2034-06-29,670 593 5973,Liulin,CN,infiltration
2019-11-03,2011-04-21,859 854 2154,Cabalawan,PH,covert action
2011-01-13,2009-07-20,585 283 8044,Sitajara,PE,undercover surveillance
2016-08-28,2008-05-03,265 461 9477,Waipare,ID,covert
2012-09-28,2012-02-28,574 407 1493,Puricay,PH,covert action
2023-04-27,2032-09-03,294 487 2939,Sim,RU,undercover
2018-04-25,2021-02-01,294 842 2549,Port Sudan,SD,covert
2018-05-09,2022-12-28,698 123 1093,Port Louis,MU,interception
2013-06-02,2015-01-27,443 369 6268,Phù Cát,VN,active
2019-12-17,2008-10-13,652 419 5553,Smimou,MA,interception
2022-07-03,2019-02-12,893 419 2150,Cigintung,ID,compromised
2007-03-25,2032-12-01,829 184 8088,Bhātpāra Abhaynagar,BD,under review
2016-07-24,2009-07-18,316 844 9943,Saqqez,IR,surveillance
2010-10-14,2024-05-15,739 910 7447,Vyshchetarasivka,UA,active
2023-09-17,2024-07-24,121 141 4518,Baiquan,CN,counterintelligence
2015-05-30,2009-09-08,769 879 6494,Magalalag,PH,high priority
2012-01-12,2008-12-16,186 991 6388,Šardice,CZ,ongoing
2019-11-09,2027-09-26,841 679 1013,Novoselë,AL,under review
2008-07-09,2019-10-23,593 682 2513,Shuangfeng,CN,active
2016-04-01,2018-07-21,433 648 8264,Chatian,CN,infiltration
2010-12-25,2007-11-19,157 346 3622,Huacapampa,PE,undercover surveillance
2021-11-23,2025-03-21,597 297 5017,Rennes,FR,interception
2016-12-01,2024-02-07,432 744 2536,Odessa,US,high priority
2017-04-18,2014-12-07,335 728 4829,Soio,AO,delayed
2005-12-14,2017-12-25,271 717 6660,Camargo,BO,covert
2006-05-28,2025-04-11,277 666 6047,Alcala,PH,active
2008-12-21,2015-08-12,644 975 8911,Isfara,TJ,interception
2023-01-28,2018-04-10,338 773 5702,Dongping,CN,under review
2018-12-26,2020-09-19,276 686 3548,Proástion,GR,counterintelligence
2005-05-26,2027-05-12,420 396 3588,Ḑubāh,YE,undercover
2014-03-24,2022-08-14,357 589 6158,Fuchun,CN,active
2019-10-26,2020-03-27,222 335 6541,Bauang,PH,rescue
2012-02-14,2030-04-09,441 749 1096,Olbramovice,CZ,covert
2022-09-19,2011-08-06,719 787 8919,Colorado Springs,US,active
2023-05-05,2031-09-09,955 215 9879,Puerto Natales,CL,under review
2008-04-07,2029-11-16,472 530 1257,Pokrov,RU,infiltration
2023-08-04,2009-07-19,468 118 2799,Adani,NG,surveillance
2007-05-20,2018-12-06,614 660 7087,Miasskoye,RU,delayed
2008-12-07,2011-07-30,427 113 8714,Cam Lâm,VN,high priority
2020-02-19,2032-09-24,754 109 6016,Nyagla,CN,active
2015-04-04,2012-12-02,354 620 9265,Lorengau,PG,undercover surveillance
2012-05-26,2033-10-08,921 904 9481,Qianqiao,CN,delayed
2020-03-21,2013-12-25,343 294 2192,Tanggung,ID,cancelled
2014-09-21,2033-02-01,217 555 2925,Níkaia,GR,undercover surveillance
2017-03-07,2034-01-14,816 233 4441,Haifa,IL,covert
2010-07-03,2020-08-30,429 727 3032,La Asunción,CR,completed
2010-02-21,2015-11-15,795 633 7508,La Condamine,MC,cancelled
2009-03-22,2023-12-07,519 910 7116,Pogag,ID,under review
2012-10-09,2016-08-14,695 408 3746,Fengyi,CN,high priority
2018-09-10,2030-02-09,571 662 3816,Bueng Samakkhi,TH,infiltration
2008-05-18,2025-10-18,489 947 6047,Shinjō,JP,ongoing
2022-01-01,2008-09-28,552 112 9830,Desa Nasol,ID,undercover
2023-05-28,2023-08-22,391 372 7207,Santa Rita do Sapucaí,BR,ongoing
2022-05-20,2015-11-02,423 522 9751,Johnson City,US,covert
2022-02-23,2012-10-10,382 931 9915,Ning’an,CN,completed
2008-01-31,2024-07-21,992 996 4696,Deán Funes,AR,reconnaissance
2013-03-10,2026-01-26,269 520 8663,Węgry,PL,high priority
2020-04-14,2024-05-05,551 780 5608,Takāb,IR,covert action
2021-03-10,2008-04-26,252 812 5403,Rawa Satu,ID,rescue
2019-10-03,2007-12-05,844 939 4780,Morgados,PT,surveillance
2008-12-22,2009-02-16,610 108 1660,Yŏnggwang-ŭp,KP,delayed
2017-07-28,2027-04-22,529 566 0106,Camiling,PH,under review
2019-06-07,2027-07-26,794 469 6062,Vidnoye,RU,interception
2021-03-28,2025-09-03,168 865 1964,Licheng,CN,covert
2020-03-24,2030-05-10,882 990 5723,General Manuel J. Campos,AR,completed
2008-09-11,2032-06-11,823 370 7588,Venilale,TL,ongoing
2007-08-21,2015-03-06,568 240 5581,Turija,RS,extraction
2007-04-02,2027-02-23,621 926 7784,Catanduva,BR,under review
2006-05-13,2009-04-14,345 695 6231,Kuala Lumpur,MY,infiltration
2021-01-17,2031-12-12,619 526 4377,Isheyevka,RU,delayed
2012-05-31,2025-04-02,885 778 4838,Raškovice,CZ,counterintelligence
2016-06-03,2012-01-23,763 941 3163,Buerarema,BR,reconnaissance
2011-07-22,2017-06-16,288 338 4301,Bakung,PH,active
