0,1,2,3,4,5,6,7
Lindsy,Tildesley,1969-02-06,F,GB,9,escape and evasion expert,surveillance
Garrik,Isaksson,1969-08-25,M,BR,2,medical specialist,training
Sol,Hawkins,1998-10-19,M,BR,3,cyber operative,intelligence gathering
Mirabelle,Rushbury,1967-03-26,F,LI,3,survivalist,technical support
Euphemia,Stovell,1993-12-10,F,ID,5,communications specialist,surveillance
Obadiah,Freschini,1988-10-30,M,CU,7,counterintelligence agent,deep cover
Molli,Hyne,1995-08-22,F,BR,6,influence operations specialist,black ops
Dietrich,Challinor,1984-02-24,M,SI,6,demolitions expert,standby
Monte,Breache,1978-06-07,M,RS,8,infiltration expert,reserve
Menard,Prendergrast,1981-03-26,M,PH,1,technical specialist,on assignment
Viva,McMonnies,1984-07-22,F,UA,4,undercover agent,reconnaissance
Gaspar,Soldi,1980-07-03,M,CN,3,cyber operative,technical support
Lona,Agiolfinger,1955-02-08,F,PH,10,combat specialist,covert diplomacy
Janessa,Rosterne,1991-07-11,F,US,10,escape and evasion expert,psychological operations
Agathe,Cuffley,1975-05-01,F,RU,8,translator,covert diplomacy
Corrianne,Ricciardiello,1968-11-30,F,ID,3,underwater specialist,intelligence gathering
Honoria,Boyda,1969-02-14,F,CN,5,agent in place,injured
Celia,Dunkerk,1993-03-14,F,PK,7,negotiation expert,infiltration
Ali,Braemer,1994-09-04,M,CN,7,translator,on assignment
Arte,Twidale,1971-07-11,M,PT,10,rogue hunter,intelligence gathering
Leonora,Antoons,1982-07-03,F,PH,6,translator,black ops
Patsy,Mar,1981-02-05,M,ID,2,undercover agent,reserve
Smitty,Biddiss,1984-12-04,M,PE,7,asset handler,psychological operations
Armando,Causer,1966-05-22,M,CN,7,medical specialist,reserve
Masha,Carmont,2001-11-20,F,ZA,5,assassin,black ops
Lyon,Swadlen,1983-04-07,M,CA,7,psychological warfare specialist,active
Carma,Ruller,1988-08-23,F,MZ,7,agent in place,technical support
Tan,Surgeoner,1980-05-09,M,RS,4,counterterrorism specialist,infiltration
Crystal,Frazer,1956-09-21,F,DE,8,underwater specialist,psychological operations
Waldemar,Finnemore,1973-04-10,M,FR,5,medical specialist,recovery
Sibelle,Del Dello,1970-02-23,F,LB,7,escape and evasion expert,intelligence gathering
Toma,Enoksson,1989-01-10,F,MD,4,technical specialist,infiltration
Hercule,Swanwick,1966-11-07,M,US,8,agent in place,technical support
Nanci,Nelthorpe,1973-06-29,F,CN,7,cyber operative,reconnaissance
Kimmi,Skirling,1976-01-08,F,VN,4,escape and evasion expert,injured
Stanislaw,Wyeth,1992-08-11,M,KR,3,medical specialist,infiltration
Rosabel,Brundle,1976-10-28,F,CN,9,psychological warfare specialist,on assignment
Raviv,Jewson,1967-09-24,M,CO,6,survivalist,intelligence gathering
Vaughan,Drillingcourt,1964-03-29,M,CN,3,technical specialist,undercover
Binni,Puleque,1978-12-15,F,CN,9,demolitions expert,black ops
Gus,Barnsdall,1982-12-22,F,PH,2,counterintelligence agent,injured
Maxy,Jessen,1978-04-26,M,IE,8,survivalist,undercover
Phillip,Endersby,1996-10-22,M,JP,3,underwater specialist,active
Krissy,Fruin,1984-06-08,F,CN,5,communications specialist,under investigation
Caty,Siemon,2002-11-18,F,PE,1,intelligence analyst,reserve
Kora,Anneslie,1989-02-25,F,CN,4,undercover agent,recovery
Kissiah,Laingmaid,1984-02-06,F,NI,9,psychological warfare specialist,injured
Roosevelt,Chifney,1959-05-08,M,PL,1,interrogation specialist,infiltration
Edith,Grundon,1979-05-02,F,BG,7,demolitions expert,psychological operations
Cazzie,Sawood,1969-08-05,M,CN,7,interrogation specialist,psychological operations
Evonne,Troker,1984-05-31,F,CN,2,survivalist,under investigation
Putnem,Thomason,1964-10-24,M,MX,2,infiltration expert,psychological operations
Vickie,Connew,1994-07-08,F,CN,8,communications specialist,surveillance
Cherry,Janny,1989-05-03,F,BW,8,influence operations specialist,reconnaissance
Jacquenette,Rowston,1992-10-31,F,BR,1,escape and evasion expert,on leave
Skip,Mico,1979-08-26,M,ID,6,intelligence analyst,standby
Bryna,Drayton,1992-11-27,F,RU,7,intelligence analyst,psychological operations
Yolanthe,Kaemena,1991-10-27,F,JP,2,survivalist,injured
Lorenzo,Adolf,1967-03-27,M,JP,6,demolitions expert,deep cover
Tammy,Hutchings,1954-11-14,F,ID,9,communications specialist,reconnaissance
Sigismundo,Petrovykh,1962-05-26,M,AF,6,rogue hunter,psychological operations
Dode,Le Fleming,1968-06-17,F,MY,4,sniper,covert diplomacy
Maddi,Ramme,1995-10-26,F,CM,5,cyber operative,on leave
Petr,Willeman,1980-02-05,M,SE,10,medical specialist,surveillance
Sharia,Boig,1971-01-02,F,CN,4,counterintelligence agent,recovery
Evelin,Duny,1983-01-09,M,NG,5,sniper,undercover
Tabina,Claffey,1973-03-08,F,SE,5,sniffer,undercover
Galen,Doohan,1966-08-31,M,CA,7,underwater specialist,psychological operations
Rosalinda,Skene,1990-06-27,F,CN,10,medical specialist,deep cover
Reginald,Karpf,2005-08-23,M,ID,10,counterterrorism specialist,interrogation
Neille,Canny,1962-09-03,F,RU,4,escape and evasion expert,intelligence gathering
Shelly,Danbrook,1988-04-19,F,RS,4,counterintelligence agent,active
Christen,Kingscott,1992-05-24,F,RU,10,interrogation specialist,injured
Koren,Testro,2003-02-17,F,BR,2,cyber operative,injured
Elwood,Curnok,1979-06-15,M,CN,5,agent in place,covert diplomacy
Xymenes,Pine,1965-03-14,M,FR,9,infiltration expert,infiltration
Noak,Paxforde,1963-01-17,M,CN,3,interrogation specialist,active
Sanford,Colliard,1998-12-28,M,EC,10,cyber operative,infiltration
Boyce,Lanaway,2004-05-26,M,MA,4,field operative,reserve
Aguie,Corthes,1964-10-09,M,PS,6,counterterrorism specialist,training
Morganne,Eyeington,1967-12-20,F,ID,10,agent in place,under investigation
Shena,Gooly,1954-05-25,F,NO,1,agent in place,covert diplomacy
Olivie,Caslake,2005-10-04,F,CN,8,sniffer,reconnaissance
Devon,Dibner,1979-02-18,F,FR,6,communications specialist,infiltration
Coleman,Follin,1969-09-06,M,ID,2,undercover agent,technical support
Hyacinthe,Braisher,1972-09-01,F,PL,3,counterterrorism specialist,reserve
Ashlie,Langsbury,1980-06-26,F,GR,5,negotiation expert,training
Shawn,Bascomb,1965-07-15,M,CN,5,asset handler,black ops
Lydie,Skentelbery,1993-07-10,F,FR,3,negotiation expert,intelligence gathering
Rodie,Assiter,1968-10-05,F,CA,1,sniffer,deep cover
Heindrick,Gimbart,1956-12-23,M,CN,2,counterintelligence agent,technical support
Madalyn,Camerana,1990-12-23,F,CO,6,field operative,infiltration
Ninnetta,Greatreax,1964-08-04,F,LV,5,communications specialist,interrogation
Roberta,Shercliff,1983-07-18,F,UA,4,escape and evasion expert,active
Myrtia,Blyth,1988-12-23,F,FR,8,sniffer,recovery
Ave,Logsdail,1999-01-03,M,UA,5,medical specialist,infiltration
Donni,Easlea,1999-12-22,F,NL,4,intelligence analyst,deep cover
Rafi,Baxstar,1954-08-16,M,RU,8,demolitions expert,deep cover
Allissa,Leggett,1957-09-22,F,IR,9,combat specialist,technical support
Gerek,Keaton,1965-04-27,M,ID,7,intelligence analyst,deep cover
Luz,Brierly,1986-08-04,F,CO,6,field operative,covert diplomacy
Nathanil,Wilding,1960-10-14,M,CN,5,underwater specialist,reconnaissance
Kendre,Bellay,1969-07-16,F,ID,6,sniffer,undercover
Carlyn,Jerosch,1962-08-21,F,BR,8,counterintelligence agent,on assignment
Helen-elizabeth,Frantz,1958-03-13,F,PE,9,infiltration expert,technical support
Junie,MacKay,1978-03-21,F,RU,5,escape and evasion expert,deep cover
Gladys,Hendriksen,1995-05-18,F,PL,4,counterterrorism specialist,injured
Lisha,Cambridge,1958-04-07,F,US,8,translator,reconnaissance
Meara,Brittain,1979-07-08,F,FR,7,escape and evasion expert,on leave
Marty,Scouller,1969-01-31,F,BR,7,agent in place,black ops
Nicky,Sarra,1984-08-24,M,CN,9,translator,standby
Padget,Springett,1985-04-28,M,PL,8,infiltration expert,standby
Hilary,Vanichev,2004-09-15,M,SV,2,intelligence analyst,interrogation
Clayborne,Leys,1956-11-12,M,RU,4,medical specialist,standby
Fanya,Hugh,1991-10-26,F,TH,2,translator,undercover
Chalmers,Scutchings,2000-02-24,M,NA,10,medical specialist,undercover
Shaine,Lapree,2000-05-09,M,CO,4,undercover agent,psychological operations
Shalom,Duferie,2002-02-26,M,CN,5,rogue hunter,psychological operations
Rollins,Bugge,1965-06-07,M,CA,7,medical specialist,undercover
Ugo,La Grange,1966-09-20,M,EC,5,undercover agent,standby
Hildy,Reding,1988-03-05,F,JP,4,demolitions expert,deep cover
Rheba,Ashfield,1964-05-13,F,DK,6,asset handler,undercover
Willow,Cockshoot,1987-03-04,F,CN,3,cyber operative,on assignment
Imogen,Finnimore,1955-10-28,F,PE,6,intelligence analyst,infiltration
Alyda,Ricardou,1974-07-13,F,ZA,1,escape and evasion expert,active
Tyrus,Bortoloni,1954-09-11,M,JP,5,escape and evasion expert,reserve
Cristi,Moggle,1970-01-19,F,BR,4,translator,on assignment
Erie,Barkway,1978-11-25,M,CN,9,intelligence analyst,on assignment
Esther,Bassom,1977-06-07,F,ID,10,combat specialist,intelligence gathering
Kellsie,Pack,1966-06-14,F,LU,3,communications specialist,under investigation
Murdock,Itzakson,1971-08-22,M,CN,10,cyber operative,active
Madeleine,Vowells,1978-04-11,F,BR,6,counterintelligence agent,on assignment
Forrester,Montford,1964-08-11,M,JP,5,interrogation specialist,surveillance
Thacher,Croad,1978-10-16,M,BM,3,medical specialist,on leave
Basil,Skeldon,1963-01-29,M,CN,2,sniffer,active
Reine,Schankelborg,2000-10-01,F,ZA,6,psychological warfare specialist,reconnaissance
Hatti,Vasiliu,1989-08-31,F,BY,7,technical specialist,recovery
Gabriello,Minchinden,1978-02-24,M,JP,2,technical specialist,technical support
Melodie,Laval,1976-01-26,F,RU,8,demolitions expert,undercover
Cindra,Maundrell,1993-04-24,F,CN,4,escape and evasion expert,technical support
Nikola,Shrive,1976-03-26,M,TH,2,infiltration expert,interrogation
Tate,Veltman,1979-01-04,M,CN,1,demolitions expert,standby
Tabitha,Beange,1961-08-15,F,CN,10,asset handler,on leave
Andrea,Giurio,2005-05-22,F,VN,3,field operative,technical support
Timothee,Landsberg,1970-01-02,M,PH,8,asset handler,injured
Shermy,Fitzsymon,2005-08-25,M,PL,1,communications specialist,recovery
Salomo,Twamley,1979-10-28,M,PH,7,psychological warfare specialist,on assignment
Maude,Belderfield,1975-12-27,F,AR,3,counterintelligence agent,intelligence gathering
Stevena,Rollo,1962-05-11,F,TH,1,technical specialist,on assignment
Sigvard,Yanshinov,1994-10-28,M,MN,7,escape and evasion expert,under investigation
Brock,Marchelli,1999-12-08,M,CN,9,survivalist,psychological operations
Alisha,Sutlieff,2001-12-06,F,BR,10,survivalist,psychological operations
Maureen,Gare,1991-10-24,F,CN,7,agent in place,on assignment
Pammy,Gelsthorpe,1972-03-24,F,VN,4,escape and evasion expert,recovery
Felipa,Ogbourne,1981-06-04,F,CN,8,negotiation expert,surveillance
Riobard,Paireman,1960-12-31,M,RU,7,influence operations specialist,interrogation
Lind,Alwin,1994-03-24,F,ID,9,medical specialist,recovery
Heda,Sollime,1981-09-29,F,HR,4,counterintelligence agent,undercover
Dalenna,D'Ugo,1966-11-12,F,RS,6,assassin,intelligence gathering
Hubie,Cruttenden,1975-07-30,M,SY,6,interrogation specialist,on leave
Domingo,Ballendine,1964-06-15,M,ID,7,interrogation specialist,on leave
Hollis,Fortun,1994-03-13,M,BR,4,field operative,infiltration
Simone,Skittles,1986-09-04,M,ID,5,influence operations specialist,active
Obadiah,Dowglass,1964-05-31,M,UA,1,negotiation expert,black ops
Lilah,Hansley,1960-01-10,F,CN,6,interrogation specialist,on assignment
Dexter,Beartup,1955-07-27,M,AR,6,undercover agent,interrogation
Gaylor,Bairstow,1971-04-24,M,CO,8,communications specialist,intelligence gathering
Benjamen,Klimowski,1999-03-30,M,DE,8,psychological warfare specialist,on leave
Cassandra,Jain,2005-03-30,F,MN,4,survivalist,psychological operations
Karilynn,Pinwell,2002-10-26,F,GT,7,medical specialist,black ops
Nick,Pedron,1985-03-08,M,PH,10,escape and evasion expert,on leave
Farlay,Antonowicz,1983-07-03,M,ID,5,assassin,on leave
Truda,Bilsland,1966-09-09,F,FR,2,cyber operative,surveillance
Bertrand,Melville,1978-11-14,M,ID,5,intelligence analyst,deep cover
Gian,Currell,1954-10-26,M,CN,4,translator,black ops
Alvan,Ritson,1969-11-02,M,KR,7,asset handler,undercover
Hillary,Hugland,1958-11-09,M,GR,1,cyber operative,surveillance
Gabie,Skakunas,1999-06-22,F,ID,6,negotiation expert,psychological operations
Garald,Baudry,1994-08-11,M,ID,9,survivalist,active
Ware,Braune,1980-04-04,M,PL,9,psychological warfare specialist,active
Halette,Mallalieu,1974-07-30,F,PH,1,psychological warfare specialist,surveillance
Margy,Meighan,1998-08-02,F,CN,5,negotiation expert,covert diplomacy
Balduin,Oakden,1955-01-12,M,NI,6,agent in place,deep cover
Anica,Cudworth,1967-03-09,F,EG,7,assassin,reconnaissance
Angeline,Eakin,1988-04-19,F,GR,7,combat specialist,training
Otho,Gaish,1982-08-24,M,SE,8,demolitions expert,under investigation
Brennen,Beacroft,1979-07-24,M,YE,5,sniper,surveillance
Mallissa,Tomaschke,1998-04-05,F,GR,8,counterterrorism specialist,active
Roslyn,Bohje,2001-07-15,F,PH,1,asset handler,covert diplomacy
Johan,Cuerdale,1962-01-19,M,RU,4,sniffer,reserve
Emmalynn,Mowsdill,1985-04-23,F,PL,9,counterterrorism specialist,reconnaissance
Lennard,Duckit,1962-01-11,M,PL,9,escape and evasion expert,psychological operations
Moreen,Tarplee,1977-11-13,F,BO,7,technical specialist,technical support
Bridget,Rizzardo,1994-03-23,F,RS,10,technical specialist,undercover
Fidelia,Eagers,1982-04-21,F,ID,9,demolitions expert,on leave
Nicolis,Bernade,1990-07-13,M,CN,3,influence operations specialist,on leave
Manolo,Sanchiz,2005-02-05,M,CN,1,undercover agent,reserve
Godfree,Trewhitt,1970-07-13,M,ID,9,interrogation specialist,technical support
Thedrick,Suermeiers,1974-07-08,M,CN,9,technical specialist,under investigation
Egbert,Ismail,1992-12-02,M,RU,2,infiltration expert,deep cover
Clem,Andrieu,1980-12-09,M,MX,5,asset handler,technical support
William,Fifoot,1973-01-31,M,PE,1,infiltration expert,infiltration
Alric,Itzkovsky,1955-10-13,M,GR,5,negotiation expert,infiltration
Dennie,Kirk,1967-04-18,M,FR,4,negotiation expert,reconnaissance
Warren,Higginbottam,1974-11-15,M,ID,8,demolitions expert,intelligence gathering
Adolpho,Emmer,1968-02-24,M,ID,2,interrogation specialist,black ops
Jerri,Dellit,1955-11-20,M,PT,6,asset handler,on assignment
Cissiee,Cove,1964-08-26,F,PT,8,psychological warfare specialist,deep cover
Katalin,Fonteyne,1987-06-08,F,NG,9,communications specialist,injured
Deeann,Wincer,1967-04-11,F,CN,9,underwater specialist,infiltration
Layne,Matusov,2005-07-30,F,CN,6,field operative,technical support
Clementius,Goodband,2001-07-01,M,CN,6,psychological warfare specialist,injured
Dalt,Shavel,1955-10-22,M,CN,1,field operative,psychological operations
Lexine,Buney,1976-05-17,F,RU,5,influence operations specialist,technical support
Melamie,Rudram,2003-09-22,F,CN,5,technical specialist,active
Gordy,Laite,1974-07-02,M,RU,6,technical specialist,reconnaissance
Carrol,Clark,1998-01-30,M,ID,7,combat specialist,training
Hubert,Mardee,2002-11-02,M,HU,6,combat specialist,intelligence gathering
Ferrel,Gilburt,1969-04-03,M,AM,4,technical specialist,infiltration
Jojo,Sheldrick,1983-05-30,F,UA,8,undercover agent,standby
Iormina,Blouet,1979-12-19,F,UA,9,translator,reconnaissance
Ursuline,Skacel,1985-07-07,F,CN,8,underwater specialist,recovery
Sibley,Arlett,1989-11-18,F,ID,5,medical specialist,psychological operations
Jo ann,Tombs,1975-12-11,F,ID,2,communications specialist,reserve
Terencio,Underdown,1965-04-10,M,RU,6,survivalist,training
Tish,Bentham3,2000-08-20,F,PS,10,sniper,deep cover
Terri,Alphonso,1997-09-27,M,CN,9,sniper,interrogation
Samuele,Coulthurst,1979-11-20,M,MW,1,sniffer,undercover
Elna,Tremathick,1996-06-28,F,CN,1,negotiation expert,deep cover
Tomas,Dumbleton,1983-07-22,M,EE,5,cyber operative,reserve
Mozelle,Pitrelli,1989-03-03,F,BR,2,cyber operative,recovery
Dela,Nolan,1978-04-28,F,CU,6,psychological warfare specialist,covert diplomacy
Bobbye,Whyley,1993-05-29,F,ID,9,agent in place,reserve
Chickie,Brown,1991-10-22,M,ID,7,underwater specialist,black ops
Gusty,Ethelston,1986-11-22,F,VN,1,undercover agent,reserve
Gerick,Cardenas,2005-01-18,M,CN,9,escape and evasion expert,interrogation
Salomo,Philippson,2001-05-23,M,US,7,escape and evasion expert,reserve
Rory,Fearnsides,1963-06-17,M,YE,7,agent in place,black ops
Talia,Ranstead,1988-03-29,F,PS,6,counterintelligence agent,on leave
Editha,Winders,1970-11-14,F,RU,2,psychological warfare specialist,standby
Edith,Tamblingson,1973-10-24,F,PT,4,agent in place,infiltration
Katie,Saggers,1960-01-29,F,RU,7,psychological warfare specialist,surveillance
Anabal,Haitlie,1957-03-07,F,CN,2,communications specialist,training
Shaughn,Biggam,1993-07-16,M,TH,7,underwater specialist,on leave
Addi,Stubbin,1983-11-13,F,PH,5,counterintelligence agent,covert diplomacy
Odey,Flucks,1995-06-24,M,KG,8,underwater specialist,deep cover
Willdon,Hyatt,1956-02-17,M,MX,3,rogue hunter,training
Cynthy,Heal,1977-11-09,F,CA,4,translator,training
Lennie,Klimuk,1995-02-14,M,CN,10,intelligence analyst,deep cover
Ruperto,Fallow,1975-08-07,M,HR,2,technical specialist,technical support
Luci,Overstone,2001-06-19,F,PL,9,technical specialist,interrogation
Amalle,Lannin,1954-01-19,F,BR,9,medical specialist,technical support
Tuesday,Hudspith,1983-04-08,F,PL,4,sniffer,undercover
Standford,Borges,1998-01-14,M,BR,3,sniffer,on assignment
Camellia,Targe,1990-12-08,F,HN,10,agent in place,deep cover
Munroe,Embling,2005-04-17,M,LK,10,rogue hunter,active
Gayelord,Fance,1959-04-26,M,PE,9,escape and evasion expert,deep cover
Miran,Insworth,1994-05-13,F,RU,6,interrogation specialist,under investigation
Lazare,Gathercoal,1995-12-04,M,VN,8,cyber operative,training
Marybeth,Sloy,1995-05-14,F,PL,8,communications specialist,covert diplomacy
Gustavo,O'Hdirscoll,2002-02-06,M,PE,3,agent in place,surveillance
Vanda,Tournay,1982-08-20,F,PE,6,assassin,interrogation
Cherilynn,Godleman,1971-07-26,F,PL,2,undercover agent,covert diplomacy
Flemming,Bonnor,1975-06-09,M,ID,1,escape and evasion expert,technical support
Nickola,Meneo,1960-12-21,M,PH,7,escape and evasion expert,injured
Sallee,Eadmeads,1958-04-27,F,BR,5,sniffer,black ops
Ilysa,Coniam,1988-05-27,F,CN,4,field operative,active
Roxy,Muccino,1986-08-05,F,RU,5,sniffer,under investigation
Roseanne,Ancketill,1978-10-06,F,MA,2,infiltration expert,reconnaissance
Moina,Louche,1955-07-30,F,CN,8,counterterrorism specialist,deep cover
Zach,Pattison,1984-05-30,M,ID,10,rogue hunter,surveillance
Carlie,Karlolczak,1981-10-05,F,PT,4,sniffer,under investigation
Collete,Domoney,1982-11-13,F,UZ,8,combat specialist,intelligence gathering
Muire,Tattersfield,1998-10-23,F,CA,5,field operative,standby
Sonnie,Beadnall,2005-09-20,M,PL,8,demolitions expert,surveillance
Alfredo,Harsnep,1975-06-14,M,GR,2,counterterrorism specialist,recovery
Zed,Hennington,2001-10-05,M,ID,5,rogue hunter,undercover
Andromache,Daubeny,1981-07-08,F,CN,10,demolitions expert,reserve
Dennie,Di Biaggi,1995-12-21,F,CN,8,technical specialist,on assignment
Ulrich,Leindecker,1964-05-18,M,BR,9,undercover agent,recovery
Bunnie,Pitkeathley,1975-08-13,F,LK,5,survivalist,standby
Galen,Carl,1972-03-02,M,EC,3,infiltration expert,covert diplomacy
Cleveland,Drinan,1985-03-23,M,GR,5,underwater specialist,on assignment
Eb,Stiebler,2004-12-09,M,PL,4,communications specialist,recovery
Maddy,Auston,1967-05-26,M,PH,7,communications specialist,standby
Kenon,Gillman,1993-01-16,M,UA,8,influence operations specialist,infiltration
Hobey,York,2005-07-15,M,CO,7,asset handler,under investigation
Rodolfo,Crates,1998-03-30,M,CN,4,combat specialist,interrogation
Birch,Gapper,1985-11-09,M,CN,6,negotiation expert,undercover
Schuyler,Wye,1976-09-27,M,CA,2,assassin,reconnaissance
Jard,Giacovelli,1963-02-27,M,BR,3,cyber operative,on leave
Belicia,Enrrico,1973-06-13,F,CN,10,counterterrorism specialist,intelligence gathering
Anastasie,Manthroppe,1987-12-27,F,CN,7,influence operations specialist,reserve
Rona,Prattington,1964-07-27,F,PA,10,demolitions expert,injured
Mortie,Petrashkov,1964-07-10,M,AR,4,field operative,psychological operations
Lawry,Kilford,1986-08-07,M,JP,10,intelligence analyst,standby
Russ,Grumell,1973-12-05,M,US,8,cyber operative,surveillance
Jami,Keech,1972-11-17,F,AE,3,influence operations specialist,intelligence gathering
Sheri,Bathow,1956-01-15,F,AS,9,escape and evasion expert,standby
Aldon,Setch,1960-05-07,M,US,9,counterintelligence agent,standby
Miltie,Kimmel,2005-07-20,M,BR,9,infiltration expert,covert diplomacy
Matthias,Buckleigh,1988-11-07,M,PH,10,negotiation expert,infiltration
Allen,Rodriguez,1982-12-13,M,FM,5,demolitions expert,covert diplomacy
Emmalee,MacPherson,1995-08-16,F,PT,2,demolitions expert,technical support
Mercy,Lokier,1970-07-21,F,CN,4,interrogation specialist,active
Melany,Seeger,1994-09-24,F,CN,6,field operative,injured
Erinna,Jikylls,1966-04-29,F,CN,4,infiltration expert,undercover
Raphael,Kidney,1971-02-21,M,ID,10,combat specialist,reserve
Giorgi,Littleton,1967-05-20,M,CN,7,technical specialist,infiltration
Bryce,MacKowle,1960-10-09,M,SY,1,influence operations specialist,under investigation
Timothee,Maffulli,1996-08-30,M,TH,4,infiltration expert,covert diplomacy
Bernarr,Kalisch,1972-06-12,M,ID,5,technical specialist,standby
Braden,Panther,1995-07-14,M,PT,3,combat specialist,covert diplomacy
Lucky,Aizikowitz,1978-04-01,F,UA,9,rogue hunter,psychological operations
Otto,Simoncini,1991-01-23,M,CN,2,assassin,infiltration
Duffy,Wragg,1981-11-23,M,AZ,9,counterintelligence agent,interrogation
Herb,Lant,1968-04-20,M,CN,4,counterintelligence agent,reserve
Dulcie,MacComiskey,1977-04-16,F,CN,2,assassin,under investigation
Stavro,Pandie,1962-05-11,M,EC,10,negotiation expert,injured
Vanna,Povey,1974-10-30,F,ID,9,rogue hunter,intelligence gathering
Romonda,Cowcha,1992-01-04,F,CN,1,intelligence analyst,reconnaissance
Englebert,Bister,1969-11-09,M,JP,9,rogue hunter,black ops
Essa,Sapir,1986-06-03,F,CN,2,infiltration expert,interrogation
Xenia,Wreiford,1961-04-30,F,AM,9,combat specialist,surveillance
Warde,Prestland,1957-11-06,M,TH,10,survivalist,on assignment
Heather,Reuter,2002-12-04,F,BR,2,influence operations specialist,deep cover
Abie,Lecount,1971-11-09,M,PH,2,agent in place,infiltration
Manfred,Pratley,2005-11-05,M,PT,2,cyber operative,training
Morton,Brownlee,2005-07-22,M,FR,1,escape and evasion expert,technical support
Gannie,Hanselmann,1991-08-09,M,RU,7,psychological warfare specialist,active
Edita,Allderidge,1977-07-16,F,RU,2,demolitions expert,infiltration
Carena,Everix,1995-07-26,F,FR,8,field operative,under investigation
Romonda,Redmore,1997-01-13,F,ID,9,underwater specialist,intelligence gathering
Brendis,O'Cannan,2001-06-06,M,CO,8,technical specialist,black ops
Seth,Crang,2004-07-26,M,MN,5,escape and evasion expert,intelligence gathering
Deck,Rivard,1971-12-18,M,PL,6,escape and evasion expert,covert diplomacy
Abdul,Betke,1966-06-20,M,PL,5,medical specialist,injured
Helaina,Andrys,1975-05-09,F,ID,3,agent in place,standby
Thatch,Bonhome,1990-10-26,M,HN,9,field operative,training
Cedric,Bower,1957-11-23,M,CN,5,escape and evasion expert,reserve
Jacquenetta,Abramson,1972-08-21,F,GR,7,counterintelligence agent,recovery
Deeanne,Odlin,1988-02-04,F,UA,8,interrogation specialist,black ops
Pen,Margaritelli,1957-01-21,M,AR,9,medical specialist,interrogation
Reinold,Maghull,2000-05-13,M,JP,7,survivalist,psychological operations
Engelbert,Penfold,1998-09-23,M,CN,8,cyber operative,under investigation
Crystie,Skews,1979-06-18,F,JP,6,interrogation specialist,interrogation
Candy,Gulliman,1973-07-03,F,PH,8,asset handler,black ops
Tulley,Pether,1990-06-16,M,SE,7,medical specialist,under investigation
Imelda,Twaite,1998-04-08,F,NG,9,field operative,interrogation
Willa,Cottom,1973-04-12,F,CN,9,assassin,technical support
Darnall,Giocannoni,1958-05-03,M,DK,6,undercover agent,under investigation
Care,Bea,1986-06-30,M,CN,4,asset handler,interrogation
Ransom,Hoble,1966-01-07,M,CN,9,medical specialist,standby
Masha,Perllman,2004-07-17,F,MX,2,survivalist,surveillance
Frankie,Mahy,1982-08-22,F,AO,6,infiltration expert,recovery
Bealle,Dornan,2001-12-11,M,BR,3,agent in place,psychological operations
Drusilla,Pursglove,1973-12-08,F,ID,5,cyber operative,active
Georgine,Hurkett,1954-05-14,F,SE,6,undercover agent,on leave
Martin,Manston,1969-12-28,M,SI,7,counterintelligence agent,reconnaissance
Emmey,Howship,1977-04-28,F,AF,4,interrogation specialist,standby
Adelaida,Beckinsall,1954-06-22,F,PH,10,assassin,reconnaissance
Ford,Van't Hoff,1990-08-02,M,PK,2,sniper,psychological operations
Cam,Parmeter,1994-05-07,M,CO,4,translator,reserve
Dotty,Colby,1972-08-08,F,BR,8,field operative,training
Murvyn,Mounter,1959-10-13,M,TM,10,combat specialist,under investigation
Woodrow,Strongitharm,1989-07-03,M,PT,9,influence operations specialist,on assignment
Saleem,Darlaston,1985-12-19,M,RU,8,infiltration expert,reconnaissance
Kaile,Pressnell,1970-07-14,F,ID,8,underwater specialist,standby
Connor,McCooke,1964-12-20,M,CO,6,medical specialist,infiltration
Eli,Brevetor,1955-06-07,M,CN,9,sniper,injured
Nichol,Grimstead,1960-06-12,F,CI,10,technical specialist,surveillance
Vidovic,Espinos,1992-04-17,M,FR,4,technical specialist,on assignment
Walker,Devlin,2004-10-14,M,PH,3,asset handler,infiltration
Lida,Bowerman,1998-08-22,F,MX,7,escape and evasion expert,undercover
Monica,Bourdas,1977-05-11,F,JP,3,infiltration expert,reconnaissance
L;urette,Jeffery,1986-12-23,F,PL,3,asset handler,reserve
Cheslie,Leese,1967-01-04,F,PH,9,agent in place,reconnaissance
Gael,D'Ambrosio,1965-05-23,F,FR,5,sniper,deep cover
Lizette,Ames,1997-11-11,F,PH,4,influence operations specialist,psychological operations
Kendall,Jorcke,1975-10-08,M,CZ,10,cyber operative,recovery
Nance,Channing,1983-03-22,F,AR,6,escape and evasion expert,black ops
Elayne,Down,1994-12-18,F,KE,2,cyber operative,injured
Welby,Coultar,1975-06-26,M,MG,6,assassin,undercover
Hubert,Christofe,1990-08-29,M,BG,10,sniper,interrogation
Ernesta,Cumber,1982-08-18,F,CN,5,agent in place,on leave
Ronica,Girvan,1963-08-20,F,CO,7,psychological warfare specialist,interrogation
Clarinda,Brownlow,1967-01-07,F,TG,10,agent in place,recovery
Garwood,Copcott,1987-11-22,M,EG,5,combat specialist,reconnaissance
Felizio,Cleyburn,1984-07-16,M,RU,9,assassin,reconnaissance
Bell,Treadgear,1987-10-08,F,ID,4,psychological warfare specialist,black ops
Chev,Ohrtmann,1989-05-26,M,ID,6,survivalist,psychological operations
Madeline,Caris,1987-06-08,F,HN,8,assassin,technical support
Jessalyn,Flucker,1979-01-02,F,BO,7,interrogation specialist,deep cover
Udale,Rudeyeard,1997-05-13,M,RU,2,sniffer,standby
Simona,Fassbender,1996-11-21,F,US,4,psychological warfare specialist,reconnaissance
Rodger,Hardistry,1997-06-04,M,CN,1,undercover agent,psychological operations
Phyllys,Ghirardi,1964-04-13,F,NP,4,sniper,technical support
Sutherlan,Daughtry,1990-02-21,M,CN,9,demolitions expert,on leave
Minta,Hoggetts,1961-02-19,F,ZA,3,combat specialist,recovery
Darwin,Obell,1958-11-14,M,AL,7,cyber operative,under investigation
Kaylee,Chattington,1966-05-23,F,PH,3,combat specialist,covert diplomacy
Chicky,Dowglass,1994-01-07,M,MV,10,escape and evasion expert,infiltration
Koralle,Hold,1969-11-06,F,CN,1,intelligence analyst,deep cover
Vick,Swane,1992-08-17,M,PE,2,negotiation expert,reserve
Celia,Ruos,1988-04-28,F,PH,5,survivalist,infiltration
Nowell,Tippin,1973-02-02,M,PE,9,intelligence analyst,standby
Walsh,Dunklee,1970-01-30,M,BW,7,agent in place,covert diplomacy
Sayre,Boldero,1996-08-13,F,UY,2,medical specialist,reserve
Stevy,Ickovits,2003-09-20,M,TZ,10,interrogation specialist,psychological operations
Miof mela,Reis,1988-04-18,F,GT,8,cyber operative,psychological operations
Moise,Surgeoner,1963-11-20,M,FR,5,counterterrorism specialist,on assignment
Em,Soigoux,1970-12-24,M,PT,4,sniffer,reconnaissance
Allan,Splevings,2004-05-09,M,HU,2,assassin,under investigation
Boris,Ryott,1964-09-28,M,SE,4,translator,surveillance
Jack,Moxham,1980-01-17,M,RU,1,underwater specialist,active
Deanna,Mogey,1957-06-14,F,ID,10,counterterrorism specialist,technical support
Penni,Huxton,1965-07-29,F,PH,9,psychological warfare specialist,on assignment
Myranda,Donkersley,1971-07-20,F,TZ,9,underwater specialist,on leave
Jenine,Klemencic,2004-11-30,F,RS,3,counterintelligence agent,recovery
Rayna,O'Hartnedy,1972-03-28,F,ID,5,combat specialist,undercover
Burr,Balser,2002-06-16,M,NZ,3,underwater specialist,intelligence gathering
Frankie,Tunnicliffe,1975-06-07,M,RS,5,sniper,recovery
Jillian,Sergent,1998-07-11,F,ID,9,translator,infiltration
Stearn,Booth-Jarvis,1983-04-17,M,UA,2,survivalist,surveillance
Jenifer,Witherby,1966-08-01,F,PH,1,infiltration expert,infiltration
Natal,Stollenberg,1984-06-28,M,PH,2,field operative,interrogation
Matty,Waison,1990-02-14,F,AT,9,technical specialist,covert diplomacy
Marketa,Jillions,1986-09-07,F,CA,5,escape and evasion expert,injured
Sylvester,Getcliffe,2002-04-25,M,CN,2,infiltration expert,on leave
Kalie,Whorf,1968-03-24,F,UA,4,infiltration expert,on leave
Horatio,Dartnell,1976-08-16,M,SE,2,combat specialist,intelligence gathering
Tanny,Hymer,1990-09-08,M,JP,4,underwater specialist,infiltration
Elva,Bavester,1981-05-08,F,CN,6,interrogation specialist,injured
Helenelizabeth,Schlagtmans,1980-10-13,F,BR,10,interrogation specialist,surveillance
Sergeant,Cordero,1962-03-01,M,BR,4,interrogation specialist,reconnaissance
Christophorus,Hales,1969-01-31,M,CN,5,counterterrorism specialist,injured
Lucky,Haselup,1958-03-06,F,ID,8,undercover agent,undercover
Tully,Gilhool,1979-02-16,M,PL,10,survivalist,interrogation
Iolanthe,Farmar,1964-12-28,F,ID,2,combat specialist,deep cover
Bentley,Romagnosi,1996-10-24,M,ID,8,psychological warfare specialist,covert diplomacy
Turner,Thoumas,2005-01-11,M,ID,6,counterterrorism specialist,active
Stacy,Jarlmann,2000-12-01,M,CN,6,communications specialist,training
Miran,Cavie,1978-09-13,F,PT,9,demolitions expert,infiltration
Purcell,Grunnell,2001-06-17,M,PT,3,rogue hunter,under investigation
Clara,Conniam,1971-06-02,F,ID,7,survivalist,intelligence gathering
Bastian,Snazle,1959-01-24,M,IE,5,translator,on assignment
Virgina,Madigan,2002-02-23,F,ID,6,combat specialist,infiltration
Miltie,Fateley,1999-09-02,M,CN,4,intelligence analyst,reserve
Sharai,Bresman,1981-05-29,F,RU,9,cyber operative,technical support
Fax,Polkinghorne,1954-07-02,M,CN,7,translator,recovery
Raynell,Creyke,1965-03-06,F,CN,3,sniffer,active
Bevvy,Parnby,1972-10-10,F,FR,6,cyber operative,psychological operations
Chickie,Welch,1999-02-10,F,US,7,negotiation expert,training
Gilles,Bree,1990-09-21,M,US,9,demolitions expert,standby
Noble,Worley,1997-05-16,M,PL,9,rogue hunter,surveillance
Lucina,Sandells,1990-03-16,F,BA,10,interrogation specialist,on assignment
Rubin,Sellwood,1973-02-14,M,ID,8,interrogation specialist,undercover
Vivyan,Coyne,1973-04-07,F,ID,5,asset handler,active
Trstram,Tuiller,1991-07-27,M,ID,6,survivalist,on assignment
Ashien,Ciottoi,1997-07-14,F,CN,3,cyber operative,training
Wileen,Fasham,1970-11-17,F,BD,6,survivalist,on assignment
Angelo,Bog,1955-09-27,M,ID,6,technical specialist,psychological operations
Manon,Schukraft,1972-11-17,F,CZ,2,interrogation specialist,reconnaissance
Calvin,Pedrollo,2005-10-26,M,PH,8,negotiation expert,standby
Melvin,Prattin,2003-07-19,M,CN,9,counterterrorism specialist,interrogation
Alfy,Ascroft,1976-03-17,F,ID,7,interrogation specialist,deep cover
Matthias,Basnett,1966-01-23,M,CN,4,survivalist,injured
Silvie,Blomfield,1996-12-31,F,CN,4,combat specialist,active
Cyndy,Yallowley,1996-11-02,F,PL,7,counterintelligence agent,injured
Jonah,Naisey,1982-08-20,M,RU,3,agent in place,active
Rora,Dorrington,1994-08-23,F,ID,10,rogue hunter,undercover
Brnaby,Buse,1992-05-18,M,CN,6,technical specialist,technical support
Thaddeus,Sagar,1973-01-21,M,CL,5,assassin,recovery
Chryste,De Filippo,2000-12-23,F,ID,9,underwater specialist,black ops
Dyan,De Andisie,1978-05-06,F,LA,7,escape and evasion expert,injured
Gabriell,MacVagh,1968-10-10,F,CN,6,combat specialist,infiltration
Prudence,Piris,1965-01-05,F,UZ,2,influence operations specialist,undercover
Wolfgang,Freschini,1985-02-15,M,CO,10,assassin,surveillance
Skell,Steeden,1973-12-04,M,ID,8,escape and evasion expert,training
Jaynell,Boshers,1994-07-23,F,AR,4,cyber operative,intelligence gathering
Rustin,Jocelyn,1954-03-29,M,MY,5,negotiation expert,black ops
Katerine,Louche,1957-04-10,F,AR,9,agent in place,recovery
Angele,Pandya,1986-01-31,F,MX,3,technical specialist,under investigation
Sinclare,Adel,1987-11-27,M,US,6,underwater specialist,undercover
Georg,Winston,1959-03-04,M,CN,2,field operative,surveillance
Dolf,Karran,1964-05-16,M,SN,5,assassin,on assignment
Maegan,Redshaw,1978-01-13,F,AR,6,counterintelligence agent,injured
Desi,Pellett,1964-02-24,M,AL,7,field operative,injured
Francene,De Few,1959-08-28,F,MN,8,medical specialist,deep cover
Poul,Swanton,1999-07-02,M,CN,7,intelligence analyst,active
Nilson,Lumsdon,1954-02-22,M,FR,6,cyber operative,technical support
Thea,Trulocke,1957-02-16,F,GR,4,communications specialist,interrogation
Tiler,Dikelin,1957-04-14,M,PK,10,survivalist,standby
Hercule,Janjusevic,1992-04-23,M,PH,7,field operative,surveillance
Kin,Villalta,1983-09-16,M,SE,4,agent in place,covert diplomacy
Sunshine,Crusham,1969-01-31,F,CM,1,sniper,surveillance
Sarina,Bree,1957-08-29,F,PH,1,assassin,undercover
Hermia,Kerans,1975-02-04,F,LT,5,demolitions expert,training
Jo,Prothero,1954-05-23,F,KN,2,influence operations specialist,training
Farly,Annice,1980-05-13,M,YE,10,negotiation expert,intelligence gathering
Thayne,Harring,1961-09-11,M,CN,9,cyber operative,covert diplomacy
Pavel,Kingswood,1977-02-04,M,MY,4,undercover agent,intelligence gathering
Alfie,Ridulfo,1987-05-05,M,GR,1,negotiation expert,reserve
Vickie,Gilcriest,2005-07-11,F,PK,8,escape and evasion expert,psychological operations
Mendie,Alston,1977-06-12,M,CY,7,technical specialist,training
Darwin,Workes,2004-08-03,M,CN,3,undercover agent,under investigation
Maurene,Brightwell,2004-10-08,F,VN,2,counterintelligence agent,active
Meredithe,Nesey,1998-06-09,F,CN,7,translator,reserve
Nicolis,Gini,1965-10-19,M,CN,8,sniffer,training
Marcelia,Salomon,1984-04-16,F,PE,3,assassin,covert diplomacy
Kath,Lokier,1981-08-14,F,KZ,7,asset handler,psychological operations
Raina,Shakspeare,2005-01-26,F,ID,6,medical specialist,reserve
Haroun,Broadwood,1998-09-15,M,CN,10,translator,intelligence gathering
Rustie,Holburn,1963-08-01,M,KG,8,agent in place,interrogation
Reese,Petruszka,1958-08-23,M,CN,5,counterintelligence agent,surveillance
Jeffry,Shorie,1971-07-09,M,PE,3,asset handler,recovery
Rosamond,Kennham,1999-11-25,F,CN,10,survivalist,recovery
Hillyer,Betz,2001-01-31,M,ID,3,interrogation specialist,active
Flin,Cosens,1973-07-09,M,CN,3,technical specialist,training
Scot,Ragles,1965-01-19,M,TH,3,technical specialist,black ops
Derek,Aps,1983-05-17,M,IE,2,translator,active
Fonz,Fulham,1998-03-15,M,CN,6,technical specialist,infiltration
Joana,Van Weedenburg,1994-06-18,F,PH,3,medical specialist,covert diplomacy
Kaylee,Ascrofte,1963-02-13,F,BR,2,translator,recovery
Jacinda,Dressell,1979-05-04,F,CN,4,field operative,infiltration
Gabbey,Staley,1956-03-09,F,ID,3,counterterrorism specialist,deep cover
York,Jacquemet,2005-11-04,M,MX,1,sniper,active
Bartram,Iacovo,2002-12-01,M,PA,8,infiltration expert,covert diplomacy
Keelby,Richardsson,1985-07-22,M,RU,8,demolitions expert,on leave
Hewitt,Manuello,1972-04-13,M,ID,5,influence operations specialist,on assignment
Rici,Pinnocke,1975-10-11,F,FR,6,field operative,covert diplomacy
Raynard,Heyns,1956-08-19,M,UA,5,interrogation specialist,interrogation
Gusty,Kytter,1981-04-22,F,FR,3,field operative,on assignment
Kelley,Driussi,1961-09-08,M,LB,2,translator,undercover
Jorge,Crighton,1989-02-28,M,CD,1,survivalist,undercover
Deanna,Everiss,1958-12-18,F,CN,6,influence operations specialist,technical support
Auberon,Tondeur,1999-01-20,M,RU,8,assassin,deep cover
Jeffy,Dobby,1978-07-02,M,CN,9,translator,undercover
Cello,Esplin,1954-03-09,M,BR,10,psychological warfare specialist,deep cover
Roslyn,Fonzo,1957-03-14,F,MM,9,agent in place,under investigation
Kort,Hurdman,1961-06-13,M,ID,4,technical specialist,covert diplomacy
Wilmette,Pye,1968-11-07,F,MX,7,underwater specialist,standby
Deirdre,Morrice,1962-07-20,F,TH,7,infiltration expert,under investigation
Neil,Hearnah,1957-10-18,M,UA,5,technical specialist,reconnaissance
Bernie,Tapley,1970-07-25,F,CU,3,interrogation specialist,reserve
Gaynor,Willatt,1983-12-24,F,HN,1,negotiation expert,recovery
Richart,Campey,1955-09-16,M,SE,7,intelligence analyst,covert diplomacy
Marlo,Christophe,1959-01-20,F,US,7,technical specialist,psychological operations
Joyan,Derrington,2001-03-24,F,CN,7,translator,deep cover
Nathalia,Hayhoe,1958-03-08,F,BA,8,escape and evasion expert,active
Trina,Deschelle,1997-11-13,F,AR,9,infiltration expert,surveillance
Anson,Hollingsbee,1976-06-06,M,RU,6,translator,undercover
Dominic,Zelley,2005-02-22,M,CZ,10,underwater specialist,interrogation
Regan,Casperri,1987-12-21,M,MX,1,influence operations specialist,injured
Dolorita,Peirpoint,1982-11-29,F,GR,10,technical specialist,on assignment
Bessie,Hapgood,1968-10-15,F,CN,3,counterterrorism specialist,technical support
Arlene,McCuis,1995-05-30,F,CZ,10,assassin,infiltration
Merrile,Presdee,1980-06-18,F,RU,8,survivalist,covert diplomacy
Inglis,Cudmore,1957-11-29,M,BR,6,communications specialist,interrogation
Peadar,Marryatt,1976-04-09,M,PL,3,counterintelligence agent,under investigation
Donalt,Brierley,1994-09-05,M,CN,4,interrogation specialist,reconnaissance
Kinny,Vearnals,1976-11-13,M,PL,10,combat specialist,psychological operations
Dayna,Gillbanks,1986-11-24,F,CN,4,cyber operative,deep cover
Catharine,Cawood,1961-09-27,F,FR,5,escape and evasion expert,infiltration
Gray,Efford,1987-10-24,F,RU,3,communications specialist,intelligence gathering
Wilton,Manser,1965-10-14,M,PK,9,intelligence analyst,deep cover
Towney,Cauley,1998-12-21,M,AR,4,intelligence analyst,on leave
Karlan,Langdridge,2004-01-05,M,PT,5,medical specialist,standby
Beatriz,Brugmann,2001-08-22,F,SE,6,technical specialist,psychological operations
Jecho,Kipling,1978-03-19,M,SE,3,communications specialist,psychological operations
Garrick,Gunderson,1987-02-15,M,ID,7,communications specialist,interrogation
Anthe,Brownell,2001-12-16,F,CN,7,sniper,recovery
Boothe,Rutherforth,1973-01-31,M,TG,8,communications specialist,deep cover
Rosalinda,Foss,1979-10-11,F,JP,3,influence operations specialist,recovery
Jereme,Broomhead,1998-07-17,M,PT,8,sniper,undercover
Johnathan,Moss,2005-05-21,M,PH,6,rogue hunter,reserve
Mel,McGarry,1972-02-07,M,ID,6,underwater specialist,interrogation
Joanna,Brinkley,1973-11-02,F,PT,7,medical specialist,infiltration
Wood,Ramage,1964-04-08,M,CO,2,technical specialist,active
Allen,Emlyn,1956-11-30,M,ID,3,combat specialist,recovery
Karalee,Luce,1995-04-19,F,CN,4,psychological warfare specialist,on leave
Arleyne,Nendick,1972-03-19,F,UA,5,interrogation specialist,standby
Elnar,MacTeggart,1973-11-07,M,AX,3,intelligence analyst,black ops
Estell,Tart,1996-07-04,F,ID,4,interrogation specialist,on leave
Hartley,covino,1986-06-30,M,PH,4,agent in place,standby
Barny,Newark,1988-07-06,M,CN,1,survivalist,undercover
Christalle,Dewfall,1983-07-09,F,CN,10,infiltration expert,standby
Patty,McBratney,2003-12-19,M,CN,5,communications specialist,reserve
Stefano,Fransman,1986-12-16,M,CN,3,agent in place,on leave
Dottie,Pundy,1997-05-15,F,DO,8,counterterrorism specialist,black ops
Garold,Capponer,1990-11-20,M,US,9,interrogation specialist,intelligence gathering
Lucine,Gallgher,1993-05-28,F,CN,2,negotiation expert,on leave
Tiff,Rutt,1986-01-04,F,ID,5,translator,infiltration
Shelbi,Fabb,1958-07-28,F,PT,7,counterterrorism specialist,standby
Jaymee,Estable,1958-05-25,F,HN,10,sniffer,interrogation
Royal,Gallaccio,1966-01-27,M,BS,4,asset handler,on leave
Willi,Ruger,1984-05-28,F,RS,10,interrogation specialist,injured
Myrtie,Keling,1974-09-27,F,CN,5,technical specialist,under investigation
Shelli,Storcke,1996-06-17,F,RU,5,cyber operative,reserve
Alie,Fells,1987-08-28,F,PL,1,assassin,active
Beale,Manon,1983-05-18,M,PH,1,sniper,black ops
Larina,Casoni,1996-05-30,F,CN,6,sniffer,on assignment
Allyn,Sabie,1983-07-30,F,CN,1,psychological warfare specialist,under investigation
Chauncey,Skirven,1979-04-21,M,ID,7,interrogation specialist,reconnaissance
Staford,Altham,1987-02-28,M,PY,6,negotiation expert,deep cover
Nevin,MacCracken,1979-08-11,M,FR,10,undercover agent,under investigation
Chevy,Smidmore,1995-05-18,M,CN,1,negotiation expert,covert diplomacy
Celestina,Tipple,1973-11-15,F,ID,7,communications specialist,injured
Poppy,Dumberell,1964-09-02,F,MX,5,field operative,under investigation
Gloriana,Avraam,1973-11-16,F,YE,2,negotiation expert,undercover
Baudoin,Impleton,1996-09-02,M,PH,3,technical specialist,reserve
Malva,Seczyk,1975-11-09,F,ID,1,field operative,technical support
Crichton,Wareham,1989-04-26,M,EG,6,assassin,injured
Hardy,Cull,2004-08-07,M,BR,6,interrogation specialist,on assignment
D'arcy,Raithby,1959-01-27,M,CZ,1,escape and evasion expert,technical support
Georgianna,Bisatt,1960-01-02,F,RU,3,technical specialist,active
Saw,Skitt,1979-07-04,M,JP,3,undercover agent,recovery
Jessee,Haselwood,1989-05-02,M,BR,3,field operative,infiltration
Deanna,Kilban,1983-02-09,F,SE,9,field operative,covert diplomacy
Cosme,Nulty,1962-09-14,M,BS,5,communications specialist,covert diplomacy
Silas,Barme,1989-08-19,M,CN,3,intelligence analyst,interrogation
Peterus,Smeaton,1972-01-13,M,SG,2,interrogation specialist,recovery
Norris,Panons,1956-10-19,M,CN,8,translator,on leave
Donall,Hercules,1960-04-18,M,CZ,6,interrogation specialist,infiltration
Karyn,Uman,1959-03-30,F,ID,8,influence operations specialist,on leave
Sterling,Antcliffe,1962-07-25,M,CN,1,demolitions expert,training
Taite,Stoddart,1966-04-19,M,ID,2,rogue hunter,covert diplomacy
Nessy,Conkling,1998-04-22,F,US,4,negotiation expert,undercover
Batholomew,Dolohunty,1980-12-14,M,SE,6,undercover agent,active
Alex,Salvatore,1997-01-02,M,RU,7,underwater specialist,intelligence gathering
Claretta,Di Dello,1974-06-14,F,PG,7,underwater specialist,recovery
Caryl,Caseley,1994-12-26,M,ID,7,infiltration expert,intelligence gathering
Allin,Eastmond,1994-09-06,M,MX,6,underwater specialist,recovery
Fidelity,Novakovic,1964-10-31,F,CZ,6,technical specialist,reconnaissance
Hilton,Poyner,2005-04-16,M,CN,3,counterterrorism specialist,under investigation
Allen,Falloon,1994-08-05,M,GR,4,technical specialist,training
Scarlett,Sabater,1958-09-07,F,CN,7,agent in place,active
Drugi,Hullins,1964-11-08,M,ML,1,combat specialist,deep cover
Frederic,Laurentino,1974-03-14,M,SE,7,sniper,on leave
Giraud,Snawdon,1981-12-17,M,CN,10,agent in place,deep cover
Emmalyn,Lamasna,1966-04-28,F,PL,5,communications specialist,psychological operations
Ash,Disbrey,1991-02-26,M,UA,5,asset handler,intelligence gathering
Arley,Pridie,1967-04-11,M,ID,1,influence operations specialist,on leave
Emmaline,Markwick,1984-03-06,F,BR,1,asset handler,undercover
Roseline,Windmill,1991-03-19,F,CN,6,negotiation expert,psychological operations
Hilton,Ayling,1957-11-12,M,AR,2,survivalist,reconnaissance
Hershel,Gorstidge,1959-03-20,M,PL,9,technical specialist,undercover
Cullie,Hawking,1979-06-24,M,GR,7,medical specialist,reserve
Peder,Mould,1958-04-08,M,RU,1,translator,recovery
Karna,Cabena,1991-11-30,F,BG,7,counterintelligence agent,active
Hubey,Klimochkin,1986-05-17,M,PH,7,escape and evasion expert,training
Ginnifer,Antrim,1958-03-11,F,BA,9,counterintelligence agent,injured
Heinrik,Harp,1997-10-02,M,CO,2,escape and evasion expert,psychological operations
Tabby,Chipchase,1992-08-01,F,PH,8,counterintelligence agent,deep cover
Briano,Coning,1961-08-13,M,DM,6,psychological warfare specialist,deep cover
Lock,Baukham,1962-11-18,M,CN,3,medical specialist,on leave
Starr,Tutt,1956-12-21,F,VE,7,counterterrorism specialist,undercover
Demetre,Cash,1963-06-09,M,BY,4,negotiation expert,standby
Nathanil,Smoote,1983-12-17,M,ID,4,underwater specialist,intelligence gathering
Benedetto,Lindenstrauss,1970-12-15,M,JP,2,interrogation specialist,injured
Bentlee,Hazael,1970-08-28,M,ID,4,sniffer,black ops
Ignacius,Reinisch,2001-12-16,M,PH,8,counterterrorism specialist,on leave
Shantee,Cringle,1969-07-06,F,PE,7,infiltration expert,standby
Linzy,Luberto,1982-06-11,F,CN,6,communications specialist,covert diplomacy
Erik,Longrigg,1985-06-21,M,PH,4,asset handler,surveillance
Ruby,Beeho,1977-04-08,F,FR,6,survivalist,recovery
Vilma,Clampe,1965-01-26,F,CN,3,interrogation specialist,reconnaissance
Cornelia,Smalcombe,1977-10-27,F,ID,9,intelligence analyst,black ops
Maddie,Pessolt,1982-10-07,F,CN,5,cyber operative,standby
Velma,Pyne,2001-11-12,F,AF,3,influence operations specialist,technical support
Gretel,Barten,1995-03-20,F,ID,8,field operative,infiltration
Nancie,Clemont,1993-11-23,F,CN,8,undercover agent,interrogation
Gwenny,Ambrosini,1994-03-26,F,ID,10,survivalist,black ops
Devon,Hartlebury,1967-06-02,F,US,1,escape and evasion expert,interrogation
Polly,Gillies,1974-05-08,F,CN,7,agent in place,reserve
Thomasa,Zuenelli,1962-02-12,F,JP,10,communications specialist,training
Cori,Izchaki,1980-01-05,M,CA,3,infiltration expert,active
Richardo,Jowsey,1991-12-07,M,AF,2,underwater specialist,intelligence gathering
Jeno,Skyrm,2000-01-31,M,RU,4,psychological warfare specialist,technical support
Fina,Laverack,1974-12-02,F,SE,2,sniffer,undercover
Guinna,Iwanicki,1973-08-24,F,CN,7,infiltration expert,surveillance
Ring,Asche,1997-11-07,M,RU,8,field operative,surveillance
Vick,Chaves,1989-01-20,M,CN,3,assassin,on assignment
Dal,Cloy,1969-04-27,M,AR,4,underwater specialist,deep cover
Sonya,Blaymires,1985-02-10,F,BR,10,interrogation specialist,active
Weidar,MacTurlough,1964-12-14,M,PT,7,negotiation expert,interrogation
Rudolph,Goter,2004-06-17,M,PL,4,sniper,standby
Pet,Benitti,1956-06-01,F,CN,9,infiltration expert,on assignment
Jeanette,Wolfit,1998-08-30,F,CN,10,translator,standby
Clerkclaude,McKue,1982-08-18,M,PH,7,infiltration expert,injured
Mar,Caurah,1995-08-08,M,LV,10,communications specialist,standby
Marie-ann,Mattielli,1990-10-21,F,KR,5,counterterrorism specialist,surveillance
Meggi,Pavier,1956-11-24,F,CN,8,intelligence analyst,reserve
Jennifer,Linnock,1969-07-12,F,GT,3,cyber operative,reserve
Diann,Caney,1965-08-08,F,AZ,9,translator,reconnaissance
Lemmie,Penswick,1983-01-18,M,FR,10,communications specialist,training
Ethelind,Jouning,1961-12-15,F,CR,9,medical specialist,undercover
Roobbie,Shalcros,2002-12-06,F,TZ,10,underwater specialist,deep cover
Alisa,Northfield,1996-07-21,F,GR,2,underwater specialist,covert diplomacy
Emmott,MacCallister,1958-09-18,M,PE,6,translator,injured
Laurence,Beaconsall,1969-07-01,M,FR,4,technical specialist,infiltration
Abe,Dunklee,1979-08-04,M,RU,7,intelligence analyst,training
Cam,Fermor,1984-12-14,M,ET,10,survivalist,on leave
Natalee,Leeder,1968-10-07,F,ID,6,underwater specialist,covert diplomacy
Roxy,Rannie,1985-10-02,F,PL,8,escape and evasion expert,reconnaissance
Tarah,Kyberd,1985-05-14,F,CN,2,field operative,on assignment
Aurore,Sprouls,1976-09-12,F,PE,5,communications specialist,reconnaissance
Romonda,O'Caine,2002-06-05,F,PL,10,rogue hunter,covert diplomacy
Hakim,Garrattley,2003-09-20,M,ID,10,cyber operative,psychological operations
Vance,Sowter,1960-01-29,M,ID,2,medical specialist,interrogation
Marjy,Belz,1965-02-05,F,MY,3,psychological warfare specialist,psychological operations
Dewey,Ervin,1989-09-11,M,SY,2,infiltration expert,covert diplomacy
Roland,Clampett,2002-03-14,M,LT,10,escape and evasion expert,undercover
Saul,Suatt,1987-06-10,M,FR,6,field operative,black ops
Kerr,Vennard,1993-12-13,M,ID,5,communications specialist,reserve
Bond,Melia,2000-06-07,M,ZW,1,counterterrorism specialist,deep cover
Jen,Shubotham,2005-10-19,F,CH,7,intelligence analyst,technical support
Kingsly,Charrisson,1967-12-20,M,CN,8,survivalist,on leave
Giacobo,Lambis,1998-07-11,M,SE,2,influence operations specialist,injured
Ramsey,Patrickson,1973-07-01,M,CN,5,psychological warfare specialist,on leave
Lyle,Pickthorn,1965-12-15,M,CN,10,survivalist,active
Ragnar,Skaid,1962-03-06,M,MX,5,counterterrorism specialist,deep cover
Brigg,Willshear,1988-03-03,M,YE,7,sniper,covert diplomacy
Karlotte,Grut,1966-02-25,F,PH,8,assassin,standby
Lola,Kerfod,1973-02-06,F,ID,10,technical specialist,covert diplomacy
Dominica,Dumphries,1984-08-04,F,RU,6,influence operations specialist,undercover
Rodolphe,Roseby,1984-11-14,M,CN,7,influence operations specialist,training
Aluin,Meneur,2003-04-05,M,PL,2,assassin,surveillance
Olva,Stigger,1999-07-20,F,CN,8,technical specialist,technical support
Boyd,Waldera,1986-08-24,M,PL,6,undercover agent,undercover
Gwenny,Holleworth,1983-05-12,F,ID,6,interrogation specialist,reconnaissance
Nicolais,Cremer,1956-02-24,M,RU,6,technical specialist,reserve
Caroline,Garthland,1998-10-02,F,CN,3,technical specialist,infiltration
Mattias,Budd,1985-02-26,M,CO,10,survivalist,infiltration
Drew,Buckham,1993-07-23,M,NL,3,escape and evasion expert,technical support
Niki,Saines,1957-02-02,M,CU,6,rogue hunter,surveillance
Georgena,Dunnet,1985-11-04,F,CN,3,survivalist,infiltration
Halli,Maskell,1981-02-03,F,HR,10,asset handler,recovery
Brana,Reuther,2004-05-16,F,CA,1,sniffer,on assignment
Bartel,Spencelayh,2005-10-16,M,DE,9,sniper,injured
Ahmad,Fawlks,1997-04-07,M,GT,4,counterintelligence agent,interrogation
Vinnie,Tweedle,1982-09-17,M,CN,3,undercover agent,psychological operations
Owen,Bernholt,1956-09-21,M,CN,9,agent in place,reconnaissance
Eduard,Hewlings,1970-03-05,M,RU,3,negotiation expert,infiltration
Isaiah,MacHarg,2000-01-03,M,AF,8,counterterrorism specialist,interrogation
Jacky,Izzatt,1967-01-09,F,TH,8,infiltration expert,psychological operations
Merrel,Le Sieur,1988-02-02,M,CZ,4,demolitions expert,standby
Gilles,Bevans,1964-05-12,M,HR,6,counterintelligence agent,reconnaissance
Cyrill,Terese,1961-08-08,M,ID,1,escape and evasion expert,undercover
Christophorus,Stocky,2002-08-15,M,CN,5,communications specialist,surveillance
Antoine,Affuso,1964-08-02,M,RU,10,medical specialist,psychological operations
Devonna,Bewshaw,1995-02-06,F,EG,8,influence operations specialist,on leave
Marybelle,Merle,2001-07-07,F,ID,7,counterintelligence agent,recovery
Darb,Webbe,1989-02-14,M,CN,9,infiltration expert,intelligence gathering
Gaspard,Rylands,2005-09-04,M,PH,3,intelligence analyst,technical support
Ernaline,Elcombe,1957-06-17,F,ML,6,demolitions expert,surveillance
Eula,Jahns,2005-08-16,F,AR,1,escape and evasion expert,reconnaissance
Drona,Carefull,1990-11-04,F,PS,1,counterterrorism specialist,infiltration
Abbe,Mendes,1989-12-10,F,MX,8,translator,reconnaissance
Ian,Cicutto,1989-02-01,M,SE,5,negotiation expert,recovery
Smitty,Farans,1974-09-13,M,EC,5,negotiation expert,infiltration
Kimbell,Bleiman,1960-04-18,M,PH,7,intelligence analyst,standby
Karita,Mengue,1964-03-12,F,PT,10,counterterrorism specialist,deep cover
Lilah,Forrest,1955-08-07,F,UA,6,communications specialist,interrogation
Florenza,Skoggins,1963-04-10,F,MN,8,field operative,intelligence gathering
Ryann,Fisbey,1975-12-28,F,SE,6,medical specialist,interrogation
Arlina,Benjefield,2000-04-02,F,UA,7,rogue hunter,covert diplomacy
Trisha,Maciaszczyk,1978-08-02,F,CN,6,communications specialist,injured
Sephira,Mankor,1999-07-28,F,RU,2,underwater specialist,active
Toinette,Pickrill,1992-03-14,F,MK,2,combat specialist,reconnaissance
Kamillah,Mouton,1962-09-19,F,SE,1,assassin,deep cover
Tiler,Wrightam,2001-04-11,M,CN,9,psychological warfare specialist,reserve
Gabriel,Hirth,1976-10-26,M,RU,6,underwater specialist,technical support
Eddi,De Bischop,1977-12-25,F,PH,6,escape and evasion expert,deep cover
Alaric,Lynam,1966-10-20,M,NE,2,escape and evasion expert,interrogation
Jean,Gimblet,1965-10-19,F,MX,8,communications specialist,intelligence gathering
Casar,Bednall,1957-04-28,M,CN,3,negotiation expert,standby
Hynda,Mylchreest,1966-02-25,F,JP,9,cyber operative,active
Junette,Maddison,1973-08-15,F,PL,2,psychological warfare specialist,on leave
Gwennie,Irving,1962-01-11,F,CZ,8,psychological warfare specialist,under investigation
Odilia,Roberson,1983-07-30,F,FR,7,asset handler,injured
Hyatt,Lestrange,1961-04-23,M,RU,6,influence operations specialist,intelligence gathering
Orrin,Tatteshall,1959-09-20,M,KP,1,escape and evasion expert,reserve
Alberta,Amaya,1965-03-14,F,SE,5,counterterrorism specialist,reconnaissance
Silva,Girardoni,2004-11-07,F,CN,3,asset handler,on assignment
Jerrilyn,Riatt,2003-07-25,F,BG,7,intelligence analyst,undercover
Samuel,Dikels,1968-05-15,M,PT,9,psychological warfare specialist,covert diplomacy
Rosy,Cossam,1969-08-06,F,AZ,3,survivalist,infiltration
Genovera,Lambourn,1969-08-25,F,AM,4,infiltration expert,intelligence gathering
Andria,Moody,1972-05-13,F,ZA,7,influence operations specialist,reserve
Fabe,Stockoe,1989-05-12,M,LU,8,influence operations specialist,surveillance
Reider,Castagnier,1961-03-05,M,RU,7,technical specialist,black ops
Anjela,Roubert,1954-02-05,F,RS,9,translator,surveillance
Bennett,Grichukhin,1986-02-26,M,CN,3,underwater specialist,training
Roddie,MacPharlain,1960-12-28,M,ID,1,field operative,standby
Tony,Smallcomb,1973-09-02,M,PH,5,demolitions expert,reserve
Nikolia,Marrow,1979-03-08,F,IE,3,asset handler,injured
Katti,Linsey,2002-09-11,F,PL,5,field operative,undercover
Julina,Crosscombe,1961-02-04,F,ES,1,intelligence analyst,technical support
Rodge,Gorsse,1984-01-05,M,ML,7,demolitions expert,psychological operations
Eustace,Hasell,1983-12-21,M,TZ,6,agent in place,reconnaissance
Harry,Largent,1975-07-23,M,SY,4,underwater specialist,injured
Harp,Sinden,1976-04-30,M,CN,10,interrogation specialist,black ops
Osborne,Molson,1966-12-13,M,ID,5,assassin,reserve
Asher,Friedank,1984-04-18,M,CN,8,sniffer,deep cover
Natalie,Craik,1994-02-15,F,ID,10,negotiation expert,reserve
Courtney,Duddin,2000-06-20,M,PT,9,combat specialist,psychological operations
Keary,Fendlen,1999-11-16,M,UA,1,translator,interrogation
Rowe,Petroselli,1966-02-10,F,LU,5,infiltration expert,psychological operations
Kerr,Kures,1975-02-10,M,NO,10,sniffer,on assignment
Durante,Dunsford,1968-09-26,M,BG,7,cyber operative,standby
Chadwick,Lambole,1973-01-05,M,SM,4,rogue hunter,deep cover
Lorri,Goodding,2005-01-25,F,PT,8,undercover agent,training
Virgie,de Clerk,1986-02-02,F,GB,2,sniper,standby
Elnore,McShirie,1972-11-18,F,EG,10,escape and evasion expert,on leave
Cathleen,Masterson,1960-03-18,F,MM,9,agent in place,infiltration
Olive,Hackworthy,1991-07-31,F,NO,4,sniper,reserve
Esdras,Rantoul,1963-06-08,M,CZ,7,communications specialist,reconnaissance
Ivette,Heed,1968-04-15,F,ID,6,medical specialist,technical support
Meridel,Asbery,1991-03-13,F,PH,6,demolitions expert,deep cover
Allayne,Frizzell,1984-08-15,M,CN,1,counterintelligence agent,standby
Leonid,Stainton,1959-08-06,M,PY,10,field operative,covert diplomacy
Fitzgerald,Peacher,1993-11-30,M,ID,9,assassin,covert diplomacy
Corinna,Axston,1962-01-18,F,KE,10,sniper,psychological operations
Joey,Mumm,1959-02-21,M,HR,10,field operative,under investigation
Phylys,Watling,1977-06-04,F,CN,3,technical specialist,standby
Henrie,Stovell,1993-11-17,F,CN,4,assassin,intelligence gathering
Wayland,Cosslett,1994-09-01,M,CZ,6,underwater specialist,psychological operations
Pat,Bilbrey,1987-12-07,M,UA,6,rogue hunter,intelligence gathering
Ardene,Kuhl,1996-06-10,F,CN,2,field operative,undercover
Mycah,Cromett,2000-11-15,M,JP,8,counterterrorism specialist,deep cover
Cornelius,MacNish,1989-08-23,M,BY,5,interrogation specialist,training
Antonie,Frotton,1987-09-01,F,BJ,8,cyber operative,psychological operations
Nolana,Brager,1956-09-17,F,RU,2,underwater specialist,black ops
Coleen,Hitzmann,1988-12-25,F,CN,7,combat specialist,on leave
Mikol,Scamel,1990-09-08,M,PT,1,influence operations specialist,black ops
Friedrich,Duly,1993-12-08,M,MX,4,medical specialist,training
Quintin,Wardhough,1968-04-07,M,YE,3,field operative,deep cover
Michail,Vesty,2002-03-07,M,BG,2,undercover agent,interrogation
Oates,Mowatt,1968-08-21,M,CM,1,intelligence analyst,intelligence gathering
Yardley,Hansmann,1957-07-10,M,ID,1,underwater specialist,covert diplomacy
Donovan,Tamsett,1961-04-10,M,RU,2,survivalist,intelligence gathering
Francis,Rubinsaft,1982-12-10,M,ID,9,counterintelligence agent,training
Waylin,Sancraft,1994-02-10,M,SI,9,undercover agent,psychological operations
Janina,Darbon,1960-04-06,F,PH,5,undercover agent,psychological operations
Susana,Charrisson,1970-06-05,F,SI,3,asset handler,infiltration
Caresse,Forde,1988-01-11,F,SE,9,interrogation specialist,training
Jonah,Abrashkin,1954-02-23,M,UA,1,sniffer,covert diplomacy
Hadrian,Huffadine,1987-02-11,M,PA,6,counterterrorism specialist,deep cover
Lindon,Camm,1994-06-27,M,CN,3,field operative,active
Benedetta,Leinweber,2000-09-07,F,CM,7,field operative,infiltration
Evaleen,Alton,1976-12-20,F,EG,2,intelligence analyst,active
Johan,Cote,1969-10-17,M,AU,3,sniffer,recovery
Fiann,Lorent,1961-09-16,F,CN,2,escape and evasion expert,undercover
Mercie,Simes,1977-12-14,F,ID,5,cyber operative,infiltration
Leonerd,Ainslie,1977-10-13,M,MK,5,field operative,psychological operations
Chrissy,Featherby,1983-10-11,M,PH,7,technical specialist,interrogation
Hinze,Wasling,1955-05-06,M,CN,4,influence operations specialist,under investigation
Francesco,Rivallant,2000-10-23,M,RU,1,infiltration expert,under investigation
Morgen,Startin,1954-06-06,M,PT,5,technical specialist,deep cover
Rowe,Maciejak,1998-10-01,F,ID,9,agent in place,on leave
Elbertina,Kuhwald,1960-07-07,F,CN,1,combat specialist,undercover
Fredi,Schout,1998-06-18,F,ID,8,negotiation expert,interrogation
Aurelea,Matzke,1997-10-03,F,BR,3,asset handler,on assignment
Fitz,Sherburn,1963-01-23,M,PT,5,counterintelligence agent,reserve
Petr,Meadus,1972-01-02,M,CN,5,counterterrorism specialist,under investigation
Katey,Del Castello,1969-12-07,F,AL,9,psychological warfare specialist,reserve
Axel,Theurer,1959-08-28,M,RU,1,sniffer,psychological operations
Seline,Grenville,1990-08-06,F,CX,7,demolitions expert,intelligence gathering
Hersch,O'Cooney,1981-12-02,M,CN,5,technical specialist,recovery
Annalise,Mehaffey,1991-01-17,F,AF,3,survivalist,standby
Walther,Clipston,1990-01-20,M,MA,3,interrogation specialist,recovery
Orly,Poppy,1999-11-19,F,RU,6,infiltration expert,active
Colleen,Whytock,1954-05-05,F,PE,1,counterterrorism specialist,black ops
Brien,Walcher,1992-10-11,M,BR,4,medical specialist,on assignment
Lucais,Carley,1975-10-21,M,HU,4,communications specialist,infiltration
Dasya,MacPhail,1980-09-03,F,CN,3,psychological warfare specialist,psychological operations
Fleur,Lindback,1969-08-27,F,FR,8,combat specialist,covert diplomacy
Haily,Merali,1991-11-22,M,PH,3,escape and evasion expert,on leave
Cally,Alentyev,1979-07-29,F,US,4,infiltration expert,intelligence gathering
Eduard,Piddick,1984-05-31,M,PH,3,psychological warfare specialist,injured
Lek,Andrzejowski,1955-09-08,M,CN,9,undercover agent,injured
Kelly,Turneaux,1957-06-28,M,SE,3,interrogation specialist,on leave
Jermaine,Thamelt,1988-12-16,M,PT,5,undercover agent,standby
Neill,Norvill,1973-06-30,M,CN,5,asset handler,reconnaissance
Berkeley,Brinson,1966-09-30,M,ID,6,survivalist,deep cover
Ros,Philipp,1966-08-13,F,SE,5,underwater specialist,covert diplomacy
Jdavie,Wasling,1980-05-26,M,CN,8,medical specialist,on leave
Durante,Usborn,1999-03-24,M,HR,8,escape and evasion expert,intelligence gathering
Darn,Tran,1959-12-24,M,PH,1,rogue hunter,under investigation
Ralina,Van,1988-01-11,F,NG,3,infiltration expert,injured
Hewet,Verdey,1986-04-29,M,JP,4,counterintelligence agent,psychological operations
Haily,De Matteis,1967-08-01,M,EC,10,demolitions expert,psychological operations
Cate,Deschlein,1980-04-22,F,CN,9,rogue hunter,covert diplomacy
Jeanna,Merrison,1988-09-18,F,PS,9,translator,reserve
Mordy,Stuckow,1974-06-22,M,RU,8,communications specialist,surveillance
Piggy,Creeboe,1969-10-04,M,HR,3,counterintelligence agent,on leave
Garrard,Scotti,2002-06-03,M,PL,4,interrogation specialist,infiltration
Sharl,Robert,1982-09-10,F,UA,8,asset handler,interrogation
Opaline,Goodrick,1969-12-31,F,RU,2,medical specialist,active
Judith,Geard,1954-02-05,F,PF,1,translator,injured
Court,Gellibrand,1978-12-23,M,ID,6,escape and evasion expert,standby
Abbye,McCloud,1991-11-02,F,ID,10,infiltration expert,technical support
Rudy,Trouel,1988-04-07,M,PL,8,demolitions expert,under investigation
Kimberly,Gaynes,1988-10-11,F,PL,3,medical specialist,under investigation
Nate,Deal,1999-11-07,M,ID,3,psychological warfare specialist,recovery
Ilsa,Thunnerclef,1961-12-29,F,PL,2,psychological warfare specialist,on leave
Agnesse,Stirrup,1958-04-19,F,PE,6,counterintelligence agent,intelligence gathering
Huey,Valde,1990-08-07,M,RU,6,demolitions expert,surveillance
Brigida,Ingledow,1968-05-09,F,ID,8,survivalist,covert diplomacy
Cullie,Yurtsev,1968-10-09,M,BR,2,agent in place,deep cover
Codi,Widmoor,1994-09-02,M,DO,6,infiltration expert,infiltration
Ripley,Castagnone,1965-06-09,M,RU,3,technical specialist,intelligence gathering
Mara,Longina,1971-02-26,F,GR,10,asset handler,training
Annabal,Rack,1959-05-09,F,CN,5,assassin,under investigation
Edsel,Pomphrett,1965-01-14,M,ID,9,medical specialist,on assignment
Brendis,Gold,1990-09-30,M,PH,3,undercover agent,technical support
Robina,Gerrels,1965-10-09,F,GH,3,undercover agent,reserve
Wilbert,Bugge,1998-07-08,M,BR,8,rogue hunter,under investigation
Lynett,Dran,1979-04-11,F,CA,6,sniffer,black ops
Dirk,Mintoff,1984-04-16,M,DK,2,rogue hunter,black ops
Worthy,Jobbins,1970-06-19,M,CO,3,communications specialist,on leave
Joli,Robbins,1958-04-11,F,VN,3,communications specialist,undercover
Cathy,Busson,1995-04-29,F,ID,3,technical specialist,surveillance
Ripley,Newbery,1995-01-22,M,PE,7,medical specialist,black ops
Shandie,Buckhurst,1991-10-01,F,PE,1,survivalist,reconnaissance
Olvan,Atter,1956-10-31,M,PL,8,demolitions expert,infiltration
Aviva,Brelsford,2004-03-29,F,IS,4,interrogation specialist,technical support
Tammie,Jerams,1973-02-20,F,CN,3,agent in place,injured
Matthiew,Cowpland,1958-06-09,M,JP,8,undercover agent,black ops
Zora,Deeny,1971-07-14,F,KH,6,interrogation specialist,training
Sib,Walcot,1961-07-19,F,US,9,survivalist,covert diplomacy
Joli,Rintoul,1997-08-24,F,TG,2,counterintelligence agent,standby
Malissa,Waggett,1956-11-06,F,PH,5,rogue hunter,reconnaissance
Fan,Waterman,2004-09-12,F,ID,2,intelligence analyst,intelligence gathering
Farley,Ferreiro,1982-07-14,M,CN,7,psychological warfare specialist,reconnaissance
Keen,Ivanets,1960-10-24,M,CN,8,agent in place,intelligence gathering
Spence,Skones,1973-06-16,M,ID,5,sniffer,black ops
Enoch,Bezarra,1958-08-16,M,RU,8,negotiation expert,reconnaissance
Winni,Kohring,1974-02-21,F,MY,1,counterterrorism specialist,injured
Konstantine,Lorrain,1969-11-23,M,RU,6,technical specialist,interrogation
Chandler,Tootin,1964-01-15,M,CN,5,infiltration expert,deep cover
Rosemonde,Crosfield,1999-04-11,F,FR,8,undercover agent,training
Ulysses,Luciano,2003-04-22,M,ID,8,sniper,on assignment
Augustin,Vasovic,1972-06-24,M,ID,3,sniper,injured
Giacomo,Demaid,1972-07-01,M,IS,5,sniper,intelligence gathering
Viviyan,Dyster,1988-11-18,F,CN,7,psychological warfare specialist,black ops
Pate,Spoerl,1958-08-20,M,US,3,medical specialist,intelligence gathering
Wendy,Cardwell,1974-12-26,F,JP,2,field operative,psychological operations
Clevie,Strangman,1958-06-21,M,GR,6,demolitions expert,covert diplomacy
Blakelee,McLeod,1962-01-05,F,ID,1,counterintelligence agent,standby
Simeon,Knee,2002-03-27,M,PL,6,counterintelligence agent,surveillance
Dottie,Entreis,1976-06-23,F,ID,9,psychological warfare specialist,infiltration
Chrystel,Bloxsome,1976-03-01,F,ID,2,demolitions expert,interrogation
Cyrille,Wardrop,2003-03-17,M,NG,7,assassin,injured
Stefania,Thiese,2001-12-15,F,ID,10,translator,technical support
Marcia,Dower,1959-03-30,F,FR,3,counterintelligence agent,injured
Nolan,Millington,1998-10-24,M,LK,9,demolitions expert,training
Hope,Tetford,1987-02-10,F,KP,1,psychological warfare specialist,undercover
Randy,Rodolico,1995-05-18,M,SE,6,survivalist,intelligence gathering
Roman,Kubicek,1985-08-30,M,CZ,8,combat specialist,undercover
Hyman,Aizikovitz,1978-09-26,M,PH,6,communications specialist,undercover
Dani,Vennart,1996-09-19,F,GR,6,cyber operative,on assignment
Lowe,Toderini,2001-02-08,M,ID,5,medical specialist,intelligence gathering
Elliot,Sandhill,1997-04-23,M,PL,10,cyber operative,under investigation
Tedmund,Livings,1966-05-22,M,BR,1,sniper,on leave
Lucine,McPeice,2003-02-17,F,ID,7,communications specialist,injured
Lettie,Balasini,1998-06-29,F,PL,5,field operative,reconnaissance
Sharia,Rushforth,1997-01-22,F,RU,4,sniper,covert diplomacy
Trescha,Danat,1986-05-29,F,CZ,8,translator,injured
Normie,Barnard,1962-04-27,M,TT,6,influence operations specialist,psychological operations
Reggy,Follows,1979-12-18,M,AU,5,influence operations specialist,injured
Flo,Siccombe,2005-08-20,F,JM,4,technical specialist,training
Christel,McMechan,1983-06-03,F,UA,3,escape and evasion expert,technical support
Cherye,Timmons,1988-10-19,F,CN,5,infiltration expert,training
Hobie,Veal,1961-06-05,M,PL,2,agent in place,on leave
Wynne,Burgher,1960-09-23,F,SE,3,technical specialist,on assignment
Nevsa,Lumly,1955-11-21,F,ID,10,infiltration expert,infiltration
Marjie,Masser,1986-12-09,F,PL,6,intelligence analyst,reconnaissance
Willi,Beeres,1975-05-07,F,DK,7,medical specialist,active
Lynette,Tolputt,1989-06-25,F,VN,3,intelligence analyst,reserve
Mechelle,Risdall,1982-06-22,F,PH,10,translator,active
Alexina,Huyton,1994-11-08,F,CN,5,intelligence analyst,intelligence gathering
Lou,St Angel,1961-04-25,M,FR,1,translator,psychological operations
Herrick,Peele,1977-03-24,M,BR,4,intelligence analyst,surveillance
Ripley,Andreu,1955-03-16,M,UG,10,demolitions expert,technical support
Filia,Uttley,1977-09-13,F,BR,9,assassin,on leave
Frankie,Faulder,1962-11-01,M,CN,8,sniper,on assignment
Shirlee,Nafzger,1985-10-28,F,ID,5,agent in place,active
Nikolai,Schankel,1970-04-30,M,CN,9,translator,on leave
Lionel,Batt,1966-04-01,M,HN,10,psychological warfare specialist,covert diplomacy
Courtnay,Bickerstasse,1954-03-27,F,KE,9,combat specialist,recovery
Cam,Ridge,1971-11-13,M,PH,9,asset handler,under investigation
Eveleen,Faulds,1998-11-01,F,CN,5,translator,black ops
Dolorita,Lightbody,1962-12-07,F,MU,2,combat specialist,black ops
Rhys,Grunwald,1999-02-15,M,PL,10,undercover agent,infiltration
Orelee,Younghusband,1970-05-31,F,SE,8,combat specialist,deep cover
Ruthi,Swanger,1978-10-19,F,CN,1,survivalist,injured
Violante,Garnul,2003-09-16,F,ID,8,escape and evasion expert,reserve
Nance,Rosenstiel,1996-11-25,F,DE,4,psychological warfare specialist,intelligence gathering
