0,1,2,3
supplier 3,spectral storm,1G6DW6ED7B0482454,in development
supplier 5,thunderclap enforcer,WAUBH64B71N742378,destroyed
supplier 4,talon shroud,1G4HP54K554556954,in transit
supplier 5,celestial saber,SAJWA0FB5BL374557,under repair
supplier 5,quantum pulse,1FT7W2A63EE485298,lost in action
supplier 1,whisperer,WA1YD64B14N458140,temporary storage
supplier 1,nebula blaze,WP0CA2A85AS129111,reassigned
supplier 3,twilight striker,WAUAF68E65A080442,inactive
supplier 5,sonic eclipse,1GYS4HEF8ER925387,emergency standby
supplier 3,firestorm annihilator,WA1AY74L38D278139,under repair
supplier 1,cyclone viper,1G6DK67VX80674882,under maintenance
supplier 5,nightfall reaper,5GNRNGEEXA8042099,lost in action
supplier 3,silent serpent,3VW1K7AJ8BM059065,active
supplier 3,cyclone viper,JTHFF2C26D2988346,active
supplier 1,serpent wrath,4T1BK1EB6FU046111,retired
supplier 2,silent serenity,1G6DA67V790337123,recalled
supplier 4,toxic whisper,WAUPL68E64A459345,undergoing testing
supplier 5,solar saber,WAUED54B61N743671,surveillance mode
supplier 5,cyclone blades,3VW1K7AJ4CM677176,under repair
supplier 4,cyclone viper,WVWBB7AJ6DW318517,standby
supplier 2,cyclone blades,2C3CDXFG9FH558808,temporary storage
supplier 4,silent serenity,3D73M4HL6BG587655,undergoing testing
supplier 2,cyclone blades,1NXBU4EE9AZ118952,lost in action
supplier 2,solar saber,WBA1F9C58FV310498,inactive
supplier 1,cyclone viper,WAU4GAFB3BN769185,reassigned
supplier 4,nightfall reaper,SCFHDDBT8EG139511,surveillance mode
supplier 1,silent serpent,1GYEC63T24R246727,covert operation
supplier 1,silent serpent,WAU4GAFB8BN890830,retired
supplier 2,twilight striker,1GYFC66868R282695,surveillance mode
supplier 3,firestorm annihilator,2T1KE4EE3BC508154,under maintenance
supplier 3,serpent wrath,4USBU33576L242128,emergency standby
supplier 3,twilight striker,JN1CV6EK6BM126244,undergoing training
supplier 4,silent serenity,1GYUKJEF9AR972699,critical condition
supplier 3,shadow shard,5GADV23LX6D919771,in transit
supplier 5,shadow shard,1G4GA5ER6DF507838,under maintenance
supplier 5,silent serpent,3C4PDDEG8FT159070,temporary storage
supplier 1,inferno wraith,KL4CJESBXFB122734,critical condition
supplier 1,celestial saber,WBA4A9C56FG326733,emergency standby
supplier 2,inferno wraith,4JGBB9FB1BA930305,active
supplier 1,whisperer,3MZBM1L73EM666492,temporary storage
supplier 3,whisperer,JH4KA96611C106235,covert operation
supplier 3,nightfall reaper,JTHBE5C20C5765025,inactive
supplier 5,cyclone blades,5N1AA0NC9BN012525,undergoing upgrades
supplier 1,guardian veil,WAUGL98E56A827860,standby
supplier 4,phantom fury,WVWAA7AJ4BW490024,inactive
supplier 2,nightfall reaper,WBAYF8C50FD847624,awaiting deployment
supplier 2,sonic eclipse,WBAAV53441F507111,covert operation
supplier 1,nightfall reaper,1G6AY5SX7E0487325,covert operation
supplier 2,cyclone blades,JN1CV6EL4FM054345,in transit
supplier 4,serpent wrath,JN8AZ2KR1AT815541,active
supplier 1,serpent wrath,WAUDFAFCXEN795881,in development
supplier 1,whisperer,1G6DW6ED8B0431447,awaiting deployment
supplier 4,shadow shard,1C3CDFEB1FD414795,destroyed
supplier 1,solar saber,SCFHDDAJ2CA588134,emergency standby
supplier 4,cyclone viper,1G6DP57V480786881,undergoing training
supplier 2,guardian veil,WAUKH78E37A034199,undergoing training
supplier 3,ghosteye,SALAG2V60FA972072,retired
supplier 5,cyclone viper,1GD02XEG5FZ695018,awaiting deployment
supplier 4,solar saber,JN8AS5MT2DW789761,awaiting deployment
supplier 1,cyclone viper,19XFA1F35AE830285,covert operation
supplier 5,guardian veil,JTEBU4BF0BK079419,inactive
supplier 1,thunderclap enforcer,WVGFG9BP1CD120127,temporary storage
supplier 4,solar saber,WAUDF78E58A657811,undergoing testing
supplier 4,solar saber,2T1BU4EE1CC677822,undergoing testing
supplier 3,inferno wraith,1D4PT6GX7BW191947,under repair
supplier 1,toxic whisper,1FTMF1CW2AK844887,under repair
supplier 2,sonic eclipse,1GYFK63827R461841,under repair
supplier 1,nightfall reaper,1N6AD0CW4EN339893,lost in action
supplier 5,serpent wrath,2G4WD532251495852,under maintenance
supplier 1,talon shroud,1FMCU4K37AK567997,under repair
supplier 5,havoc quake,5N1BA0NC1FN332884,active
supplier 1,havoc quake,SCFAD01A36G089189,recalled
supplier 1,inferno wraith,5LMJJ3H57DE489372,under repair
supplier 1,nebula blaze,1C3BC5ED7AN290562,retired
supplier 5,shadow shard,1GYS4HEF2BR186688,reserve
supplier 5,serpent wrath,WBS3C9C58FJ520118,reserve
supplier 2,toxic whisper,JM1BL1K52B1005017,undergoing upgrades
supplier 5,shadow shard,ZHWGU5BZ5DL721003,awaiting deployment
supplier 4,whisperer,WAUDK78T28A294507,inactive
supplier 2,serpent wrath,1GD01ZCG1BF443988,covert operation
supplier 3,serpent wrath,WAUXG94F99N169038,covert operation
supplier 3,toxic whisper,1G6DL1E31C0871966,standby
supplier 2,nebula blaze,KL4CJASB7DB035315,active
supplier 3,silent serenity,3VW517ATXFM214355,undergoing upgrades
supplier 2,talon shroud,3C3CFFFH1ET973754,in transit
supplier 5,nightfall reaper,2C3CCADG8EH357287,covert operation
supplier 3,silent serenity,WBAKE3C5XDE199731,recalled
supplier 5,serpent wrath,2HNYD28218H152556,undergoing upgrades
supplier 3,celestial saber,2T1BU4EE0BC186494,under repair
supplier 5,inferno wraith,3VW4T7ATXEM767012,retired
supplier 3,havoc quake,WBA3A9C54EF410971,destroyed
supplier 3,sonic eclipse,2HNYD188X4H228980,lost in action
supplier 1,celestial saber,5UXZW0C51C0932966,in development
supplier 4,nightfall reaper,19UUA9F29DA553629,under repair
supplier 5,cyclone blades,WAURV78T39A204232,undergoing upgrades
supplier 2,guardian veil,1FTWX3B59AE961827,temporary storage
supplier 3,cyclone viper,4A31K2DF6AE489711,undergoing training
supplier 4,cyclone viper,1GKS1AKC3FR392712,inactive
supplier 1,cyclone blades,SAJWA0FB9BL569237,inactive
supplier 4,cyclone blades,WAUBF98E07A460093,recalled
supplier 5,sonic eclipse,2V4RW3D16AR813057,emergency standby
supplier 4,phantom fury,WA1EV74L97D606897,reassigned
supplier 2,storm surge,SCFHDDAJ5CA596437,in development
supplier 5,havoc quake,WBADT43473G359627,undergoing training
supplier 4,phantom fury,WAUKFBFL5EA390161,inactive
supplier 1,spectral storm,JN8AF5MR2BT852624,active
supplier 2,celestial saber,KMHFH4JG8EA176703,recalled
supplier 3,havoc quake,WBA6B2C50FD723269,in transit
supplier 2,guardian veil,5YMGZ0C57AL263718,awaiting deployment
supplier 4,shadow shard,YV4902DZ0B2889091,reserve
supplier 1,quantum pulse,5N1AR1NB9BC835487,undergoing upgrades
supplier 3,shadow shard,2C3CA2CV9AH765951,temporary storage
supplier 2,cyclone viper,JM1NC2JF2F0456067,reserve
supplier 4,nebula blaze,1GD12YEG3FF195208,under maintenance
supplier 3,quantum pulse,3VWJP7AT0CM889124,reassigned
supplier 5,talon shroud,3D73M3CL7AG735991,destroyed
supplier 2,quantum pulse,3GYFNJE61BS040561,reserve
supplier 1,sonic eclipse,SCBLC47J97C982732,undergoing training
supplier 5,nightfall reaper,SALFR2BN2AH302308,in development
supplier 5,silent serpent,3GTU1YEJ4BG840540,standby
supplier 3,spectral storm,JN8AZ2KR9CT783571,under repair
supplier 1,cyclone viper,2G4GS5EV6C9276358,under maintenance
supplier 5,sonic eclipse,1GKS1EEF5DR832584,destroyed
supplier 2,inferno wraith,1G4GA5ER1CF848465,temporary storage
supplier 5,cyclone blades,1G6AG5RX5D0424960,destroyed
supplier 2,cyclone blades,1GYS4MKJ0FR434024,awaiting deployment
supplier 3,nightfall reaper,5NPEB4AC2DH626643,covert operation
supplier 1,twilight striker,WBANA53555B528455,emergency standby
supplier 2,quantum pulse,2HNYD18212H313196,reassigned
supplier 2,silent serenity,1G6KE54YX4U644310,in transit
supplier 4,talon shroud,2C3CDXCT3CH917471,covert operation
supplier 1,nebula blaze,1GYS4JEF1DR586090,temporary storage
supplier 1,serpent wrath,1G6DV1EP3D0453827,recalled
supplier 5,ghosteye,5N1AN0NW0FN658976,reserve
supplier 1,spectral storm,WAUSG94F79N069644,reassigned
supplier 2,quantum pulse,3C6TD5ET1CG152250,under analysis
supplier 2,cyclone viper,1GT022CG1EF488099,undergoing training
supplier 5,whisperer,JN1CV6EK0CM804875,inactive
supplier 2,guardian veil,JM1CR2W36A0180487,surveillance mode
supplier 4,cyclone viper,1D7RW3GK3BS285742,awaiting deployment
supplier 4,sonic eclipse,5N1AT2MK8FC808831,awaiting deployment
supplier 1,celestial saber,5FNYF3H26EB163219,active
supplier 3,thunderclap enforcer,19UUA75527A557493,active
supplier 4,havoc quake,WAUAH94FX6N442972,undergoing testing
supplier 1,thunderclap enforcer,1G6AL1R38F0720737,under repair
supplier 1,solar saber,SALAB2D41AA811768,undergoing training
supplier 4,guardian veil,1N6AA0CA1BN528204,covert operation
supplier 5,solar saber,KNAFT4A28B5001568,under analysis
supplier 3,phantom fury,WAU32AFD8FN476884,recalled
supplier 2,toxic whisper,5GAKRAKD2FJ942088,retired
supplier 3,nightfall reaper,KNAFX6A86E5033041,destroyed
supplier 3,havoc quake,5N1AR2MM2FC750053,under evaluation
supplier 1,whisperer,WBA3T3C55EJ506855,standby
supplier 3,firestorm annihilator,WAUDF98E45A486993,active
supplier 4,quantum pulse,JA32X2HU3CU496334,temporary storage
supplier 5,sonic eclipse,WBA5A7C58FD742082,reserve
supplier 4,quantum pulse,1G6DJ5E31C0713222,undergoing upgrades
supplier 1,storm surge,3VW4T7AT2DM064888,lost in action
supplier 5,cyclone viper,JM1NC2EF1A0682605,temporary storage
supplier 5,cyclone blades,1G6KA5E64BU769289,retired
supplier 2,talon shroud,3D7TP2CT8BG863529,emergency standby
supplier 4,firestorm annihilator,SALAG2V61FA376856,awaiting deployment
supplier 5,guardian veil,5GAKVBED7BJ035490,temporary storage
supplier 4,serpent wrath,JTHDU1EF8A5091112,under analysis
supplier 5,cyclone blades,1VWAS7A33FC521721,under repair
supplier 1,serpent wrath,WBAYA8C55DD757560,undergoing training
supplier 1,whisperer,WA1WMBFE4CD844000,lost in action
supplier 3,toxic whisper,1GYS4HEF3CR400802,in development
supplier 3,silent serenity,WBA3C1C58EK859847,surveillance mode
supplier 1,firestorm annihilator,2C4RDGBG4FR815461,lost in action
supplier 5,ghosteye,5UXFA53522L205587,destroyed
supplier 1,cyclone blades,WAUNF98P06A035986,lost in action
supplier 1,silent serenity,1G6DV1EP1C0203288,in development
supplier 5,ghosteye,WAUGL78E16A795350,retired
supplier 3,inferno wraith,SCBDC47L79C505578,undergoing testing
supplier 1,whisperer,3VW517AT3EM218889,awaiting deployment
supplier 2,cyclone viper,1G6DA8EG1A0391618,surveillance mode
supplier 1,thunderclap enforcer,KM8NU4CC8BU565501,in transit
supplier 1,cyclone blades,WAURD68D21A090248,retired
supplier 2,spectral storm,WA1LFBFP1EA492397,emergency standby
supplier 5,silent serenity,WAUBVAFA4AN511549,inactive
supplier 5,guardian veil,3FADP0L30BR697228,awaiting deployment
supplier 3,toxic whisper,1N6AA0CA0EN624779,reserve
supplier 1,phantom fury,WBANA53564B742756,lost in action
supplier 1,silent serpent,JN1AZ4EHXDM505724,under evaluation
supplier 2,talon shroud,1G6DP5E39D0194548,under repair
supplier 5,nebula blaze,WAUML44E84N673291,reserve
supplier 4,inferno wraith,WDDGF5EB2BA385794,emergency standby
supplier 2,solar saber,WAUAC48H55K941515,destroyed
supplier 3,havoc quake,WBAGN83554D519885,under repair
supplier 2,inferno wraith,SCFEBBCF3BG583722,under maintenance
supplier 2,havoc quake,2C4RDGCG9ER197891,retired
supplier 5,firestorm annihilator,1FMJK2A52AE025239,undergoing upgrades
supplier 4,firestorm annihilator,JN8AZ1MUXEW840843,under evaluation
supplier 2,havoc quake,1YVHZ8BH7B5158586,covert operation
supplier 3,cyclone viper,1D7RB1CP4BS479214,undergoing upgrades
supplier 3,serpent wrath,JM1NC2JF9D0380196,undergoing training
supplier 1,cyclone blades,3C3CFFER0ET307088,undergoing testing
supplier 4,thunderclap enforcer,WBASP0C52DC709512,in transit
supplier 5,shadow shard,JH4KB16547C689933,under evaluation
supplier 3,cyclone blades,3VWKP7AJ5DM836441,surveillance mode
supplier 5,phantom fury,1G6AM1R34F0883530,awaiting deployment
supplier 1,quantum pulse,5TFBY5F17AX275064,under evaluation
supplier 3,sonic eclipse,SCBCP73W69C973965,destroyed
supplier 5,nebula blaze,3D7TP2CT7BG111580,standby
supplier 1,inferno wraith,4USBU33518L945503,standby
supplier 3,inferno wraith,WA1DMAFP9EA646245,active
supplier 5,solar saber,WAUET48H65K019689,undergoing upgrades
supplier 1,shadow shard,1G4HR54K93U110619,inactive
supplier 2,cyclone blades,WBSWD9C54AP142122,undergoing testing
supplier 4,havoc quake,1G6KY54972U247716,undergoing training
supplier 5,nightfall reaper,3D73M4EL1AG816195,under evaluation
supplier 3,guardian veil,1G4GA5EC9BF158604,under analysis
supplier 3,nebula blaze,1C4NJCBA5DD977126,critical condition
supplier 1,thunderclap enforcer,3G5DA03E45S742432,under analysis
supplier 4,cyclone viper,JM1GJ1T6XE1136252,retired
supplier 3,talon shroud,1GD02ZCGXCZ421260,in development
supplier 3,silent serpent,1GYS4AEF0DR275055,active
supplier 1,silent serpent,WDDJK6FA0FF025784,awaiting deployment
supplier 5,firestorm annihilator,JTDKDTB32D1446477,reassigned
supplier 4,sonic eclipse,4JGDA2EB8CA241013,standby
supplier 4,storm surge,1G6DD67V890721922,retired
supplier 5,guardian veil,1C4RDHDG7DC810148,surveillance mode
supplier 4,celestial saber,JN1AZ4EH4BM946021,under maintenance
supplier 4,storm surge,WAUKH98E97A652302,awaiting deployment
supplier 1,guardian veil,WDDEJ7EB4BA523319,retired
supplier 2,whisperer,5YMGZ0C5XBL869743,retired
supplier 4,toxic whisper,WBASP4C55AC600027,undergoing training
supplier 3,ghosteye,SAJWA4DC0FM335233,critical condition
supplier 5,sonic eclipse,WA1WKAFP5AA817484,reserve
supplier 4,solar saber,JTEBU4BFXAK906034,under evaluation
supplier 5,inferno wraith,WAUET48H45K383318,recalled
supplier 3,firestorm annihilator,JH4DC44671S320225,under evaluation
supplier 4,storm surge,JN1BV7AP6FM949622,covert operation
supplier 3,guardian veil,2C3CCAPG6DH136099,recalled
supplier 4,sonic eclipse,1G6DV5EP1B0250293,undergoing upgrades
supplier 2,silent serenity,3C63DRKL2CG316973,emergency standby
supplier 5,quantum pulse,WA1MMBFE1AD368860,awaiting deployment
supplier 3,silent serenity,1FBNE3BL6AD331371,in development
supplier 2,nebula blaze,5TDDK3DC5ES494247,standby
supplier 1,shadow shard,1VWAH7A34EC993584,lost in action
supplier 1,quantum pulse,WBAUP7C50DV166912,in transit
supplier 1,ghosteye,WAUBF78E78A744584,standby
supplier 2,solar saber,1FT7W2A61EE098832,reserve
supplier 2,solar saber,WAUCFAFH7AN603222,inactive
supplier 1,quantum pulse,2G61S5S30E9483007,surveillance mode
supplier 1,guardian veil,5UXWX9C58DL206414,critical condition
supplier 4,guardian veil,5TDBY5G16BS666115,under maintenance
supplier 4,cyclone viper,1G6DS57V180344459,reserve
supplier 4,storm surge,YV1902FH2D2091521,under maintenance
supplier 2,storm surge,1C4RDJAG6EC585735,awaiting deployment
supplier 1,ghosteye,WBAUU33549A961932,temporary storage
supplier 1,silent serenity,WAUMGBFL0AA481368,reserve
supplier 1,whisperer,1C3BCBEB2DN731287,awaiting deployment
supplier 2,nightfall reaper,1FTEX1CWXAF756888,under analysis
supplier 4,quantum pulse,1C4RDHEG4FC753666,active
supplier 2,ghosteye,1G6DC5EG9A0953354,under maintenance
supplier 4,storm surge,WAUGL98E66A536364,undergoing training
supplier 5,whisperer,2C4RDGDG2DR102780,in transit
supplier 5,celestial saber,WAUFGAFB3BN140292,awaiting deployment
supplier 4,inferno wraith,1FTWF3D51AE837504,undergoing testing
supplier 3,talon shroud,1G6YV36A975900790,in transit
supplier 5,nebula blaze,KM8JT3AB1BU573574,under repair
supplier 4,celestial saber,5GADX33L95D568026,under analysis
supplier 2,havoc quake,ZFBCFABH7FZ465998,standby
supplier 4,whisperer,JM1CW2BL0F0992471,undergoing training
supplier 4,ghosteye,2HNYD28438H997779,temporary storage
supplier 4,nebula blaze,3GYFNDE37FS080060,covert operation
supplier 2,nebula blaze,WBA6B8C55FD787262,critical condition
supplier 4,quantum pulse,19XFB4F27DE575942,under evaluation
supplier 2,cyclone blades,SCFKDCEP5EG829196,standby
supplier 3,havoc quake,5TDBK3EH5DS831693,inactive
supplier 4,storm surge,JTEBU5JR9A5868375,reserve
supplier 5,cyclone blades,WAUBFCFL1CA444901,active
supplier 4,quantum pulse,WAULT68E52A598927,under maintenance
supplier 1,celestial saber,2GKALMEK7C6112646,under evaluation
supplier 2,serpent wrath,2HNYD18693H501825,in transit
supplier 3,serpent wrath,JTHKD5BH0F2590970,active
supplier 2,cyclone viper,WAUKF78E08A566873,undergoing testing
supplier 1,storm surge,SCBLE37G86C151620,under analysis
supplier 1,ghosteye,1HGCP2F33BA301253,reassigned
supplier 4,silent serenity,5N1AR1NB0BC174092,active
supplier 1,sonic eclipse,JH4KA96643C659559,inactive
supplier 5,quantum pulse,1GYS3DEF8ER138130,under evaluation
supplier 5,spectral storm,1G6AH5SX8E0133507,awaiting deployment
supplier 1,sonic eclipse,1G4HK5ES5BU099166,inactive
supplier 2,nebula blaze,JN1CV6EK9EM616066,undergoing upgrades
supplier 5,shadow shard,WBSCL93491L482144,under analysis
supplier 1,inferno wraith,WAULFAFH2AN485290,destroyed
supplier 4,guardian veil,WAUDH98E06A131217,covert operation
supplier 3,toxic whisper,1FTWW3B59AE824583,awaiting deployment
supplier 2,quantum pulse,NM0KS7AN5AT584334,reassigned
supplier 4,celestial saber,WP0AA2A81FK170771,critical condition
supplier 5,sonic eclipse,KMHTC6ADXDU463010,standby
supplier 2,guardian veil,WBAWB33578P274146,undergoing training
supplier 2,phantom fury,2C3CDXHG4EH788722,undergoing upgrades
supplier 2,phantom fury,1D7RV1CP6AS349800,in transit
supplier 1,nebula blaze,WA1LGBFE2DD228453,awaiting deployment
supplier 3,cyclone blades,3MZBM1K71FM783507,lost in action
supplier 4,spectral storm,WAUDG78E45A675130,under evaluation
supplier 4,spectral storm,WBA3R1C59FK074835,covert operation
supplier 3,nebula blaze,4T1BK3DB8AU087281,in transit
supplier 1,sonic eclipse,WAUVF78K59A855011,under evaluation
supplier 4,quantum pulse,JN8CS1MW5EM314159,inactive
supplier 1,ghosteye,WVGAV3AX8DW561998,under analysis
supplier 4,silent serpent,WAUPEAFM2BA229208,awaiting deployment
supplier 3,sonic eclipse,JN1CV6EKXAM954697,lost in action
supplier 1,firestorm annihilator,1FMCU0C77AK985146,lost in action
supplier 2,guardian veil,3LNDL2L38BR396218,under maintenance
supplier 5,guardian veil,WAUBVBFB6BN057188,active
supplier 2,solar saber,1FTEX1CM4BF453427,surveillance mode
supplier 5,serpent wrath,WAUKF98EX7A550707,under analysis
supplier 1,silent serenity,3VWF17AT2FM409239,under evaluation
supplier 1,phantom fury,19UUA66218A675101,awaiting deployment
supplier 3,serpent wrath,1G6KD57967U846993,in development
supplier 4,serpent wrath,1G4HD57276U442296,retired
supplier 5,quantum pulse,WP0AA2A90BS421749,inactive
supplier 5,havoc quake,1G6DP577550133697,in development
supplier 2,spectral storm,19UUA9F58DA167133,covert operation
supplier 4,thunderclap enforcer,JN8AZ1MU7DW949534,temporary storage
supplier 4,whisperer,5N1BA0NC5FN012404,undergoing upgrades
supplier 3,talon shroud,WAUNF68P56A364830,in development
supplier 4,twilight striker,YV4902NC3F1923255,temporary storage
supplier 1,twilight striker,2FMDK3GC4BB943242,standby
supplier 1,nightfall reaper,WBADW3C52BE256121,under repair
supplier 2,celestial saber,3C4PDCAB2DT663745,awaiting deployment
supplier 5,guardian veil,JM1BL1H30A1235840,active
supplier 1,twilight striker,5FRYD3H63EB778351,under maintenance
supplier 4,shadow shard,1G6AY5S31E0216631,in development
supplier 3,talon shroud,1G6DK8ED7B0782020,emergency standby
supplier 1,serpent wrath,WP0AA2A98BS138998,active
supplier 3,whisperer,2HKRM3H31FH247681,inactive
supplier 4,cyclone viper,1G6DP8EV7A0324888,surveillance mode
supplier 2,inferno wraith,ZHWGU5AU1CL352242,reserve
supplier 5,cyclone blades,5BZAF0AA8FN209931,retired
supplier 2,spectral storm,3GYFNCE39ES006826,awaiting deployment
supplier 3,twilight striker,1FBNE3BL4CD449695,in transit
supplier 4,quantum pulse,19XFB4F21DE316279,retired
supplier 2,guardian veil,WVWAP7AN6EE960162,reassigned
supplier 3,whisperer,SCBZK25E72C856742,under evaluation
supplier 4,firestorm annihilator,3N1CN7AP7DL513955,undergoing testing
supplier 4,phantom fury,1G6DA5EG1A0806967,in transit
supplier 5,nightfall reaper,4T3BA3BB1AU385555,temporary storage
supplier 2,guardian veil,1GYS4AEF9CR322906,undergoing training
supplier 2,celestial saber,SCBCU7ZA9AC271437,standby
supplier 2,thunderclap enforcer,2FMGK5B89EB788039,surveillance mode
supplier 5,quantum pulse,19UUA66278A281554,in development
supplier 3,cyclone blades,1FTWW3B50AE664397,reserve
supplier 3,shadow shard,5N1AN0NW3FN857066,reassigned
supplier 4,sonic eclipse,WAURGAFD4EN641436,reserve
supplier 5,spectral storm,19UYA41783A873207,undergoing upgrades
supplier 3,whisperer,1G4GE5ED5BF510932,covert operation
supplier 2,silent serenity,KNAGN4AD5F5526707,under maintenance
supplier 3,quantum pulse,1C3CDFCA1DD233977,under evaluation
supplier 2,cyclone viper,JH4KB16607C225658,covert operation
supplier 3,celestial saber,SCFBF04B78G713808,inactive
supplier 4,serpent wrath,WAUKFBFLXDA500796,covert operation
supplier 5,quantum pulse,JN1CV6FE8FM922993,in transit
supplier 3,inferno wraith,TRUWX28N311100127,reserve
supplier 1,nightfall reaper,JN8AE2KP5C9191589,surveillance mode
supplier 4,toxic whisper,WVGAV7AX8CW902905,lost in action
supplier 4,havoc quake,1G6DH8E54C0333600,critical condition
supplier 3,sonic eclipse,3FAHP0CG5BR406596,covert operation
supplier 3,phantom fury,19UYA41733A854466,active
supplier 4,celestial saber,1G4HE57Y16U960051,under repair
supplier 4,serpent wrath,KMHTC6AD5DU238249,temporary storage
supplier 5,firestorm annihilator,JH4CL95904C616588,standby
supplier 3,cyclone blades,2HNYD2H8XDH108862,lost in action
supplier 2,solar saber,5FRYD3H65EB426257,destroyed
supplier 5,serpent wrath,WAULH64B61N441539,standby
supplier 5,inferno wraith,SCFEBBBK2EG208407,under analysis
supplier 1,nightfall reaper,WAUGL68EX5A310762,in development
supplier 5,quantum pulse,1FMEU3DE2AU079837,under evaluation
supplier 4,talon shroud,1FTEW1C83FK355119,covert operation
supplier 4,quantum pulse,WAUEF98E08A620259,emergency standby
supplier 3,storm surge,19XFA1F33AE695856,undergoing upgrades
supplier 1,nebula blaze,2HKRM3H59FH780928,emergency standby
supplier 1,nebula blaze,1G6DG5E56D0131294,reassigned
supplier 2,cyclone viper,JTHFE2C24A2117038,temporary storage
supplier 4,silent serenity,JH4CU2E86CC617822,lost in action
supplier 5,havoc quake,1N6AA0EC7DN802698,under evaluation
supplier 2,havoc quake,2T1BU4EE8DC709019,active
supplier 4,serpent wrath,1N6AF0LX6EN938295,retired
supplier 2,toxic whisper,WAUSF78E27A177991,recalled
supplier 4,guardian veil,JN8AZ2NCXD9719562,recalled
supplier 4,celestial saber,JTDKN3DU1A0985984,awaiting deployment
supplier 5,sonic eclipse,TRUVD38J091356714,emergency standby
supplier 1,firestorm annihilator,1G6DC8E34E0512316,undergoing upgrades
supplier 2,havoc quake,SALFR2BG4FH631956,reassigned
supplier 3,spectral storm,WAUMGAFLXDA996070,awaiting deployment
supplier 3,serpent wrath,SCFAD22363K837986,recalled
supplier 4,thunderclap enforcer,1FTEW1C82AK937849,inactive
supplier 5,silent serenity,5YMGZ0C52AL572920,recalled
supplier 3,quantum pulse,5UXKU6C55F0945511,critical condition
supplier 3,whisperer,JH4CL95914C787382,undergoing testing
supplier 4,talon shroud,1GYUCJEF9AR290516,destroyed
supplier 3,guardian veil,5TDDK3DC2BS696443,standby
supplier 2,inferno wraith,1GYS4SKJ5FR245051,standby
supplier 2,serpent wrath,WAUSF78K49A518347,awaiting deployment
supplier 5,nightfall reaper,1FTEX1CM6BK046569,critical condition
supplier 2,toxic whisper,WBA3B3C50EJ264558,undergoing training
supplier 3,whisperer,JTEBU5JR1F5512946,active
supplier 1,nightfall reaper,1D7CW3GKXAS714380,surveillance mode
supplier 3,silent serenity,KMHEC4A41BA571849,recalled
supplier 1,talon shroud,1GYUCHEF0AR129948,standby
supplier 1,silent serenity,3MZBM1K79EM680902,active
supplier 5,firestorm annihilator,WBAEV534X3K837332,undergoing training
supplier 2,phantom fury,2G61L5S32E9589259,temporary storage
supplier 5,nightfall reaper,WAUMF98P56A472524,inactive
supplier 3,spectral storm,SCFAB02A67G924000,inactive
supplier 5,havoc quake,WBAVB73527V899955,in development
supplier 4,sonic eclipse,1G6DN57S950826007,recalled
supplier 3,phantom fury,WAUXL68E45A526557,under repair
supplier 5,whisperer,1GKS1AE04BR800422,lost in action
supplier 2,nebula blaze,KMHFG4JG6DA706703,under evaluation
supplier 1,twilight striker,WBANE53557C585613,undergoing training
supplier 1,silent serenity,1G6DC5EG3A0958808,critical condition
supplier 5,sonic eclipse,2D4JN1AG4BR694517,in development
supplier 4,silent serpent,3MZBM1K71EM731616,destroyed
supplier 4,cyclone blades,WBAEJ13443A441133,temporary storage
supplier 2,silent serpent,5N1AT2MK9FC545491,inactive
supplier 3,thunderclap enforcer,1GYS3EEJ6BR996007,awaiting deployment
supplier 4,cyclone blades,WAUNF98P77A914936,lost in action
supplier 1,whisperer,JN1CV6AP5BM272295,in transit
supplier 3,silent serpent,JM3TB2MA2A0464342,covert operation
supplier 2,sonic eclipse,1N6AA0CA3FN424884,temporary storage
supplier 4,inferno wraith,4T1BF3EK4BU602720,under analysis
supplier 2,sonic eclipse,3VW1K7AJ7BM347689,retired
supplier 3,nightfall reaper,WDDLJ9BB5FA044484,destroyed
supplier 4,solar saber,3GYFNHE33DS065284,recalled
supplier 5,thunderclap enforcer,3GYFNCE34DS788094,critical condition
supplier 3,phantom fury,WBSPM93589E617329,recalled
supplier 4,cyclone blades,1FTFW1E82AK273389,undergoing testing
supplier 3,spectral storm,1ZVBP8AM0C5962419,in development
supplier 2,whisperer,1B3CB8HB0AD017114,covert operation
supplier 5,nightfall reaper,3D73Y3HL9BG603121,undergoing testing
supplier 1,cyclone viper,W04GY5GV9B1909769,lost in action
supplier 4,silent serpent,1C4RDHAG5EC461321,lost in action
supplier 2,serpent wrath,1G6DP577770645352,emergency standby
supplier 4,toxic whisper,WA1BY74L88D703312,undergoing testing
supplier 5,toxic whisper,3C63DPAL9CG982282,lost in action
supplier 5,solar saber,1FTSF3A50AE940108,under maintenance
supplier 3,solar saber,2C4RDGCG6FR070789,critical condition
supplier 4,ghosteye,WAUDL74F25N199995,undergoing training
supplier 4,cyclone blades,1FTEW1C88AK999904,temporary storage
supplier 4,serpent wrath,WBAYM9C55DD780690,inactive
supplier 1,silent serenity,WBAVT13516A087899,undergoing testing
supplier 3,havoc quake,1GKS2GEJ7BR419270,covert operation
supplier 2,firestorm annihilator,1C3CDFAA9FD144406,awaiting deployment
supplier 2,serpent wrath,WBAYB6C50ED042222,reserve
supplier 3,spectral storm,1HGCR6F32FA812394,temporary storage
supplier 4,shadow shard,5GAKRDKD3DJ031962,under repair
supplier 2,celestial saber,3VW507AT7EM904551,awaiting deployment
supplier 3,nightfall reaper,WAUMFAFL3CN602208,undergoing training
supplier 4,cyclone blades,2T1KU4EE8CC922888,critical condition
supplier 3,serpent wrath,JN8AF5MR2CT675848,destroyed
supplier 1,guardian veil,WAUKH98E37A298504,temporary storage
supplier 3,quantum pulse,1GYFC43569R882617,covert operation
supplier 3,whisperer,WA1CGAFP7EA220234,under analysis
supplier 2,phantom fury,3D4PH6FG3BT242191,in development
supplier 5,quantum pulse,5NPDH4AE9FH603729,under analysis
supplier 2,toxic whisper,3CZRE3H55BG355037,standby
supplier 5,ghosteye,TRUWT28N331352586,surveillance mode
supplier 1,quantum pulse,2FMGK5BC3BB567021,surveillance mode
supplier 5,ghosteye,SALCP2BG9FH254467,covert operation
supplier 5,whisperer,1FTWX3A57AE281586,surveillance mode
supplier 2,solar saber,SCFAD02A46G621838,awaiting deployment
supplier 4,nightfall reaper,JN8AE2KP3C9010036,awaiting deployment
supplier 2,shadow shard,YV1672MK9A2856104,undergoing testing
supplier 4,quantum pulse,5UXFE43548L433808,destroyed
supplier 1,nightfall reaper,WAUHF98P78A866823,under repair
supplier 3,twilight striker,1HGCR2E57DA853340,inactive
supplier 5,solar saber,SCFAD02A77G897982,standby
supplier 4,inferno wraith,1G6AM5S37D0815883,reserve
supplier 3,shadow shard,5UXFA93515L861968,reserve
supplier 2,nightfall reaper,1G6AA5RX6D0564436,surveillance mode
supplier 2,ghosteye,19UUA75667A519113,undergoing testing
supplier 3,shadow shard,WBANW53508C838738,under maintenance
supplier 4,cyclone viper,WBA3A5C53FP520303,reassigned
supplier 1,nightfall reaper,4A31K5DF9BE124135,undergoing testing
supplier 5,sonic eclipse,1FADP5CUXEL861562,destroyed
supplier 1,storm surge,TRUTC28N431472738,under repair
supplier 4,ghosteye,5FPYK1F27AB106144,undergoing training
supplier 1,silent serpent,WBAET37432N737185,undergoing testing
supplier 5,inferno wraith,WBAEV53482K020004,retired
supplier 2,inferno wraith,KNAFT4A2XA5158047,reassigned
supplier 1,twilight striker,4A31K3DT7CE834372,under maintenance
supplier 4,phantom fury,WAUEF48H47K705143,under repair
supplier 5,nebula blaze,W06VR54R61R162263,temporary storage
supplier 2,whisperer,2B3CJ7DJ0BH858798,inactive
supplier 4,cyclone blades,WBANV13549B573955,destroyed
supplier 5,solar saber,JTDKTUD39ED931723,in transit
supplier 4,havoc quake,1GKS1CKJ5FR140857,inactive
supplier 3,ghosteye,WDDNG7DB8CA243419,undergoing testing
supplier 3,toxic whisper,WAUDH74F96N508784,in development
supplier 1,thunderclap enforcer,WAUR4AFD8CN235777,reserve
supplier 5,whisperer,1G6KD57Y44U089630,under analysis
supplier 2,guardian veil,WVWED7AJ9CW033915,reserve
supplier 2,storm surge,3D73Y4HL2AG067925,temporary storage
supplier 3,sonic eclipse,5GAER13748J503192,inactive
supplier 1,storm surge,JM3TB2BA4E0995423,retired
supplier 4,silent serpent,1N4AL2AP5CC496487,awaiting deployment
supplier 3,twilight striker,JH4CU2F68AC929232,under evaluation
supplier 5,thunderclap enforcer,3C3CFFAR1CT989627,lost in action
supplier 5,inferno wraith,WAUUL58E55A291759,active
supplier 3,toxic whisper,WVWBB7AJXDW686120,undergoing upgrades
supplier 4,guardian veil,3VW507AT9FM270502,reserve
supplier 1,silent serpent,JN1CV6FE7BM822636,active
supplier 5,thunderclap enforcer,JH4KA96681C761914,active
supplier 4,nebula blaze,2FMDK3AK7BB660981,reassigned
supplier 3,nightfall reaper,WAUBT48H75K368153,undergoing testing
supplier 5,cyclone viper,2C3CK6CT0AH791549,in development
supplier 4,guardian veil,1G6KP5E94AU917285,awaiting deployment
supplier 2,inferno wraith,1G6DH5E56D0832401,emergency standby
supplier 4,solar saber,WAUFFBFLXCA514987,reassigned
supplier 4,whisperer,JN1BY1AR1EM297111,temporary storage
supplier 5,silent serpent,3G5DA03L57S924707,recalled
supplier 5,shadow shard,YV126MED1F1613591,standby
supplier 2,serpent wrath,3GYFK22259G137758,in development
supplier 5,twilight striker,2T2BK1BA4FC037979,reassigned
supplier 3,nebula blaze,KMHTC6AD3CU428789,temporary storage
supplier 1,cyclone viper,KNDPB3AC6E7191859,emergency standby
supplier 4,cyclone viper,WBABN33402P954314,under analysis
supplier 3,silent serenity,WBANE73577B700178,in development
supplier 3,cyclone viper,WAUHGBFC5DN204231,surveillance mode
supplier 1,talon shroud,WAUDF48H28K172349,recalled
supplier 2,firestorm annihilator,1J4RG4GK2AC666126,in development
supplier 1,nebula blaze,4USCK73402L554181,emergency standby
supplier 2,guardian veil,3FAHP0CG3CR309544,reserve
supplier 1,serpent wrath,ZFF60FCA1A0120684,under evaluation
supplier 3,toxic whisper,1G6D25EY1B0931037,critical condition
supplier 1,spectral storm,JH4CU2F49CC703251,temporary storage
supplier 5,solar saber,1G4GL5E31DF042830,under repair
supplier 4,phantom fury,2C4RDGDG6FR272191,covert operation
supplier 1,nightfall reaper,4T1BD1FKXCU912929,retired
supplier 4,serpent wrath,1FTEX1CM8CF656287,emergency standby
supplier 1,havoc quake,SALAB2D42AA947343,destroyed
supplier 1,shadow shard,ZFBCFAAH7EZ901278,retired
supplier 5,ghosteye,JM1CW2BL9D0151472,in development
supplier 4,storm surge,SALAB2V61EA625055,undergoing training
supplier 4,silent serpent,5UXFG43589L296920,emergency standby
supplier 4,cyclone viper,WP0AB2A93FS539085,standby
supplier 1,cyclone blades,1GYS3BEF6ER476906,critical condition
supplier 2,storm surge,3D7JV1EP7AG119085,in development
supplier 4,serpent wrath,1GYS4JEF3CR017904,temporary storage
supplier 1,solar saber,WBAEV33402K101910,destroyed
supplier 1,shadow shard,5GAKVCKD1DJ626024,retired
supplier 3,quantum pulse,WBABV13476J240595,active
supplier 1,nebula blaze,1N6AD0CW6EN939296,lost in action
supplier 4,spectral storm,3G5DA03L67S088132,under analysis
supplier 5,ghosteye,WBAKF3C58CE546842,active
supplier 2,toxic whisper,1N6AF0KY9EN739672,under analysis
supplier 3,firestorm annihilator,1G6DC8E38E0834196,emergency standby
supplier 2,sonic eclipse,WAUJC68E55A811273,emergency standby
supplier 2,serpent wrath,KMHGH4JH3DU910951,retired
supplier 1,cyclone viper,1G6DL67A690740694,undergoing upgrades
supplier 3,inferno wraith,1FMCU5K33AK604680,retired
supplier 2,ghosteye,WAUHE78P18A502047,inactive
supplier 5,havoc quake,1G4GB5GR4FF724253,under analysis
supplier 2,havoc quake,1D7RE3GKXBS757423,critical condition
supplier 1,toxic whisper,KNADM4A31C6450583,covert operation
supplier 4,celestial saber,KNDJN2A28E7446834,standby
supplier 3,phantom fury,19VDE1F5XDE817512,in transit
supplier 1,sonic eclipse,WBAFB33451L621882,under repair
supplier 3,inferno wraith,1GKS1EEFXBR856117,reassigned
supplier 5,toxic whisper,JTHBE1BL9FA860617,reassigned
supplier 5,havoc quake,WAUSH78E67A208900,reserve
supplier 5,shadow shard,WP0AA2A92AS516344,covert operation
supplier 5,storm surge,2C4RDGEG8DR546891,under repair
supplier 2,guardian veil,2HNYD18804H133795,retired
supplier 1,twilight striker,JH4DC53813C111181,under evaluation
supplier 3,firestorm annihilator,5XYZG3AB8BG879314,emergency standby
supplier 1,sonic eclipse,SCBGT3ZAXEC840007,reserve
supplier 3,silent serpent,2T1BURHE9EC728771,recalled
supplier 3,cyclone viper,2HNYD18884H948133,under evaluation
supplier 5,inferno wraith,WDCYC3HF2CX489303,undergoing testing
supplier 4,shadow shard,WAULT68E05A473113,inactive
supplier 1,phantom fury,WBAGH83471D801259,undergoing training
supplier 3,phantom fury,2T3BF4DV0AW322185,in transit
supplier 1,whisperer,SCBBB7ZH8CC740163,destroyed
supplier 2,phantom fury,3VW4A7AT4DM862007,reassigned
supplier 1,serpent wrath,JTDKDTB33C1883225,reserve
supplier 4,talon shroud,WAULFAFH9DN456907,undergoing training
supplier 2,nebula blaze,JH4DC54873S159398,surveillance mode
supplier 4,guardian veil,3CZRE3H38BG426603,reassigned
supplier 5,sonic eclipse,WAUFMBFC7EN271608,under maintenance
supplier 5,shadow shard,1FMJK1JT7FE353322,recalled
supplier 4,shadow shard,WAUJT64B83N533535,under maintenance
supplier 5,guardian veil,WA1WKAFP9CA953149,under maintenance
supplier 1,celestial saber,3VW517AT9EM026697,lost in action
supplier 2,quantum pulse,19UYA42441A749002,covert operation
supplier 3,quantum pulse,WA1WMBFE3FD535087,critical condition
supplier 4,cyclone viper,WAUAH94FX6N773454,emergency standby
supplier 2,cyclone viper,1N4AL2AP1CN814089,recalled
supplier 4,celestial saber,1GYUKGEF7AR345342,undergoing testing
supplier 3,cyclone blades,1N4AB7AP8DN336383,inactive
supplier 5,celestial saber,5YMGZ0C53BL949174,reserve
supplier 2,whisperer,1C6RD7PTXCS092996,in development
supplier 2,silent serpent,WBAUC9C58DV484591,recalled
supplier 5,nebula blaze,WAUSVAFA6AN709145,destroyed
supplier 1,shadow shard,5UXZV8C57DL756636,reserve
supplier 1,twilight striker,2HNYB1H21AH828865,under repair
supplier 3,shadow shard,WAULC68E45A698781,critical condition
supplier 1,firestorm annihilator,WAUAF98E45A844919,temporary storage
supplier 3,inferno wraith,WDDEJ7KB3AA239439,inactive
supplier 4,cyclone blades,WVGEP9BP9FD171777,active
supplier 3,spectral storm,5N1AZ2MHXFN775273,covert operation
supplier 5,storm surge,1J4PN2GK4AW892426,destroyed
supplier 4,toxic whisper,WAULH64B01N474553,undergoing training
supplier 1,nightfall reaper,1GD422CG4EF776700,temporary storage
supplier 3,havoc quake,1G6EL12Y02B016778,reserve
supplier 2,talon shroud,WBAEN33455E959151,undergoing training
supplier 4,solar saber,WAUEH98E78A932816,undergoing training
supplier 4,firestorm annihilator,5TDBCRFH2FS817106,lost in action
supplier 5,twilight striker,1N6AA0CA7BN093625,inactive
supplier 4,ghosteye,WBAVC73538K615541,recalled
supplier 2,serpent wrath,WBAKP9C56FD076322,undergoing training
supplier 4,toxic whisper,SALSF2D49DA833949,in development
supplier 5,silent serpent,KMHGH4JH6DU212432,surveillance mode
supplier 4,firestorm annihilator,2C3CDXJGXEH851378,standby
supplier 4,toxic whisper,WBAPH5G53BN766149,lost in action
supplier 5,spectral storm,1G4HR54K54U007067,awaiting deployment
supplier 5,shadow shard,4USBT53534L348569,in development
supplier 3,solar saber,3C63DRLL9CG752105,in transit
supplier 2,serpent wrath,WAUDG98E86A593236,in development
supplier 2,phantom fury,1N6AA0CA4FN093233,reassigned
supplier 1,twilight striker,WAUEF98E17A409988,inactive
supplier 4,nebula blaze,JTDKN3DU1F0511685,awaiting deployment
supplier 5,thunderclap enforcer,WAUDFAFC6FN756271,undergoing upgrades
supplier 1,silent serpent,19UUA75598A712039,in development
supplier 1,spectral storm,KL4CJDSB0DB499466,standby
supplier 1,quantum pulse,WAUNF68P16A192750,emergency standby
supplier 3,silent serenity,WBAEJ134X3A824672,emergency standby
supplier 2,celestial saber,3D7TT2CT3AG876067,surveillance mode
supplier 2,whisperer,WAULV94E09N126364,awaiting deployment
supplier 1,serpent wrath,WBA3C3G50EN917079,under evaluation
supplier 4,inferno wraith,WBA3C1C56DK364710,under analysis
supplier 3,sonic eclipse,2T2BK1BA4CC901859,standby
supplier 4,nightfall reaper,KL4CJBSB8DB591140,under analysis
supplier 5,spectral storm,3N1CE2CP3EL235265,covert operation
supplier 2,guardian veil,TRUXD38J591043828,under analysis
supplier 5,spectral storm,5N1AA0NC0FN732219,under evaluation
supplier 1,silent serpent,WBALM7C58CE179085,under evaluation
supplier 1,spectral storm,WAUHE78PX8A497334,undergoing upgrades
supplier 1,celestial saber,WAUDT74F35N621952,awaiting deployment
supplier 3,twilight striker,WDBSK7BA3CF212392,in transit
supplier 1,thunderclap enforcer,WBANN73536B563268,active
supplier 1,celestial saber,WAUKFBFL9BA435999,in transit
supplier 2,sonic eclipse,WAUSVAFA9AN592063,under evaluation
supplier 3,twilight striker,WBA3B1G5XEN559495,undergoing training
supplier 2,nebula blaze,WAUFFBFL7CN337131,undergoing upgrades
supplier 5,cyclone viper,2HNYD18776H349606,under repair
supplier 5,solar saber,WAUVT58E84A388277,undergoing upgrades
supplier 2,firestorm annihilator,JTJHY7AX0A4122221,temporary storage
supplier 3,cyclone viper,WBA1M1C52FV196408,reserve
supplier 4,cyclone viper,1ZVBP8AM2D5171780,inactive
supplier 1,phantom fury,SCFBF04BX8G237215,undergoing training
supplier 2,cyclone viper,WAUHFAFL3AA997724,awaiting deployment
supplier 5,storm surge,WUADUAFG7F7113270,temporary storage
supplier 4,thunderclap enforcer,JN8AF5MV6FT089123,destroyed
supplier 5,nebula blaze,1B3CB3HA1BD260586,under evaluation
supplier 1,ghosteye,WBSWL93559P078123,in transit
supplier 2,ghosteye,1G6AX5S33E0238651,temporary storage
supplier 4,spectral storm,5N1AA0NEXFN885921,active
supplier 5,cyclone viper,JM1DE1KY3D0681210,destroyed
supplier 4,celestial saber,1GYS3RKJ7FR642031,temporary storage
supplier 4,silent serenity,5UXFE43547L912549,retired
supplier 3,nebula blaze,1FMEU6FE2AU537844,awaiting deployment
supplier 1,shadow shard,5N1AN0NU6CC520994,under repair
supplier 1,phantom fury,JN1AY1AP4BM709365,awaiting deployment
supplier 3,nightfall reaper,5TDBM5G12CS011365,in transit
supplier 3,inferno wraith,WBAVD53507A838545,critical condition
supplier 5,guardian veil,JH4CL95946C449977,undergoing testing
supplier 1,sonic eclipse,WP0AA2A96CS346265,recalled
supplier 1,inferno wraith,1G6DU6EVXA0520949,recalled
supplier 1,inferno wraith,JH4NA12664T375808,temporary storage
supplier 1,cyclone blades,5TDBW5G1XFS036478,under evaluation
supplier 5,sonic eclipse,SAJWA4HA7EM440634,temporary storage
supplier 2,thunderclap enforcer,WBAHN03527D023565,lost in action
supplier 5,inferno wraith,WAUAT48H64K323294,inactive
supplier 2,silent serpent,TRUUT28N331130217,undergoing upgrades
supplier 3,sonic eclipse,2HNYD28608H628542,covert operation
supplier 2,silent serenity,3N1CN7APXDL949361,temporary storage
supplier 4,toxic whisper,19UUA66225A254547,undergoing testing
supplier 5,shadow shard,1FTEX1CW8AF068162,undergoing upgrades
supplier 2,silent serpent,2T1BURHE6FC898250,reserve
supplier 3,thunderclap enforcer,WBS3R9C58FK808973,emergency standby
supplier 5,silent serenity,TRURD38J091470990,undergoing upgrades
supplier 4,serpent wrath,5FNRL5H28FB288913,reassigned
supplier 2,spectral storm,JHMFA3F29BS141608,undergoing training
supplier 2,storm surge,1GYS4GEF0DR768818,destroyed
supplier 2,sonic eclipse,JTEBU5JR7C5970275,reassigned
supplier 4,cyclone blades,3G5DB03E22S077538,under analysis
supplier 5,guardian veil,1FTEW1CM4BF821690,under evaluation
supplier 2,firestorm annihilator,YV4940BL5D1033916,temporary storage
supplier 5,guardian veil,1G6KP5E97AU399043,undergoing testing
supplier 3,toxic whisper,2C3CCAKG1FH803252,awaiting deployment
supplier 1,silent serenity,1FTSW3B56AE892421,in development
supplier 2,whisperer,3D7TP2HT8AG799144,destroyed
supplier 4,quantum pulse,WBSDX9C55DJ238878,standby
supplier 4,cyclone blades,WAUAGAFDXDN425781,retired
supplier 5,solar saber,WBAKE5C50DJ123258,undergoing testing
supplier 1,twilight striker,1D4PU4GK3AW474155,critical condition
supplier 4,nightfall reaper,5TFCM5F1XAX877277,emergency standby
supplier 2,sonic eclipse,1N6AF0KY9FN506750,undergoing training
supplier 1,phantom fury,JH4CL958X4C921331,retired
supplier 1,shadow shard,19UUA65554A816600,awaiting deployment
supplier 2,spectral storm,2C3CCARG6EH287183,temporary storage
supplier 3,cyclone viper,5N1AT2ML1FC430425,emergency standby
supplier 5,ghosteye,1FTFW1E87AF790888,in development
supplier 3,guardian veil,KNADM5A32E6798675,retired
supplier 2,shadow shard,1C6RD6FP7CS141540,under repair
supplier 2,nebula blaze,WA1DGBFP4DA388826,in transit
supplier 5,celestial saber,1HGCP2E35AA652939,lost in action
supplier 5,nightfall reaper,3VW517AT1FM594041,under analysis
supplier 4,solar saber,WAUVT54B63N543170,temporary storage
supplier 4,firestorm annihilator,1FTWF3B55AE450005,temporary storage
supplier 2,celestial saber,1FBNE3BL3DD238747,under analysis
supplier 4,talon shroud,1G6DC67A090949980,destroyed
supplier 3,whisperer,5J6TF3H58FL537861,under analysis
supplier 5,serpent wrath,JTEBU5JR6E5747003,under maintenance
supplier 2,sonic eclipse,1FTEW1CWXAF919557,standby
supplier 3,serpent wrath,WVWED7AJ4BW499928,destroyed
supplier 2,twilight striker,KNAFK4A63F5390597,under maintenance
supplier 5,phantom fury,KNAFU5A28D5936515,under analysis
supplier 2,talon shroud,5YMGZ0C56D0913242,temporary storage
supplier 5,cyclone blades,WA1LGAFE5FD804548,critical condition
supplier 5,toxic whisper,5UMDU93497L329972,reserve
supplier 4,cyclone viper,WVWAB7AJ1DW045210,lost in action
supplier 4,celestial saber,1G4HR54K924597741,temporary storage
supplier 4,quantum pulse,1G6DP5EV3A0853222,awaiting deployment
supplier 2,havoc quake,TRUTC28N341211067,inactive
supplier 1,silent serpent,5TDDK3DC9FS407600,lost in action
supplier 3,cyclone blades,WBAKE5C54CJ120572,under analysis
supplier 2,inferno wraith,1G6KD57928U130593,destroyed
supplier 4,celestial saber,JTEBU5JR7B5560798,undergoing upgrades
supplier 3,toxic whisper,1NXBU4EE4AZ336734,undergoing testing
supplier 2,nightfall reaper,WAUA2AFD1EN368113,under maintenance
supplier 4,solar saber,19XFB4F2XEE539731,in transit
supplier 1,silent serenity,2HNYD18785H777974,in transit
supplier 5,nightfall reaper,4USBU33597L292028,in transit
supplier 3,twilight striker,5GAKVAED1BJ999609,undergoing testing
supplier 3,shadow shard,SCBFT7ZA2FC551188,standby
supplier 1,ghosteye,WA1LFAFP2CA659468,under maintenance
supplier 1,talon shroud,19UUA8F58EA799156,in development
supplier 2,silent serenity,WP0CB2A87FS703681,under maintenance
supplier 4,cyclone viper,1G4HA5EM4BU545960,reassigned
supplier 4,phantom fury,1G6DC1E31C0806549,lost in action
supplier 4,thunderclap enforcer,WBAFR1C58BD402077,in development
supplier 5,serpent wrath,1G6AH5R33D0902562,awaiting deployment
supplier 4,sonic eclipse,WAUMFAFR6EA330915,undergoing upgrades
supplier 1,sonic eclipse,WAUMV94E99N943997,destroyed
supplier 4,thunderclap enforcer,YV1612FHXD2549595,temporary storage
supplier 3,spectral storm,WAURVAFA1AN402383,surveillance mode
supplier 4,spectral storm,1FTWX3A53AE632137,active
supplier 3,twilight striker,JN1AZ4EH8BM414982,awaiting deployment
supplier 3,twilight striker,5UXFE83547L785910,awaiting deployment
supplier 3,thunderclap enforcer,WBAEP33413P777135,surveillance mode
supplier 5,havoc quake,WA1CGAFEXED314394,retired
supplier 4,guardian veil,1G6DF577580971249,standby
supplier 2,storm surge,WAUMGAFL0AA250741,temporary storage
supplier 3,celestial saber,1G6DV5EP4E0025161,in transit
supplier 4,toxic whisper,SAJWA0EX3E8513783,reserve
supplier 2,guardian veil,1GYS3CKJ3FR367836,temporary storage
supplier 1,inferno wraith,1FMEU6EE9AU833266,in development
supplier 2,phantom fury,5UXZV4C53D0736295,standby
supplier 1,storm surge,1N4AL2AP6CN177720,inactive
supplier 5,quantum pulse,5UXFE43557L711162,reserve
supplier 2,silent serpent,WAUDT94FX5N431657,inactive
supplier 3,thunderclap enforcer,WA1WMAFE6CD747939,recalled
supplier 3,twilight striker,WVGDP9BP2ED367277,undergoing upgrades
supplier 3,guardian veil,JN1AZ4FH6FM526426,recalled
supplier 2,ghosteye,5J8TB4H55GL005302,undergoing testing
supplier 5,celestial saber,3VWKP7AJ8CM026803,surveillance mode
supplier 2,celestial saber,2FMGK5B83EB108183,undergoing testing
supplier 2,havoc quake,1N4AB7AP8EN735375,emergency standby
supplier 2,sonic eclipse,1FTSW2B59AE375818,lost in action
supplier 3,thunderclap enforcer,4JGDF2EE4EA920176,surveillance mode
supplier 3,silent serenity,5TDBK3EH6AS348497,reserve
supplier 1,solar saber,WAUVFAFR3AA539432,undergoing upgrades
supplier 3,nightfall reaper,1G6DZ67A280354013,temporary storage
supplier 1,sonic eclipse,4A31K5DF1BE002000,undergoing training
supplier 4,cyclone blades,5GADV23W97D426952,under analysis
supplier 2,ghosteye,5GADV23177D373754,under maintenance
supplier 1,nebula blaze,WBAPL3C59AA292514,destroyed
supplier 4,inferno wraith,JN8AZ2KR2BT419913,surveillance mode
supplier 4,silent serpent,1VWAS7A38FC701969,reserve
supplier 2,nightfall reaper,WBA4A5C54FG170460,under maintenance
supplier 5,toxic whisper,WBA3V5C56EP882158,under maintenance
supplier 2,storm surge,WBAKF5C56DJ425330,in development
supplier 4,firestorm annihilator,WAUEFAFL5DA753225,under evaluation
supplier 5,havoc quake,3D7JV1EP3AG502330,critical condition
supplier 4,spectral storm,1GD22XEG7FZ834686,undergoing testing
supplier 4,nebula blaze,4T1BF3EK3AU585035,undergoing training
supplier 1,serpent wrath,WAUPL58E05A701672,recalled
supplier 4,toxic whisper,WVGEF9BP8DD441887,active
supplier 3,cyclone viper,1G6DJ5E37C0882533,destroyed
supplier 2,phantom fury,WBAFZ9C57DD355884,in development
supplier 4,serpent wrath,1G6DC8E34E0969479,in development
supplier 2,shadow shard,3D7TT2CT1BG552374,awaiting deployment
supplier 5,firestorm annihilator,WAUEH78E37A511887,undergoing training
supplier 1,phantom fury,WBANB53557C969447,undergoing testing
supplier 5,firestorm annihilator,5FRYD4H83EB897279,undergoing training
supplier 3,talon shroud,WAUFMAFCXEN453670,in transit
supplier 4,shadow shard,1G6AM5S33F0661143,covert operation
supplier 3,spectral storm,1G6DE8EY8B0988358,inactive
supplier 5,shadow shard,1GTN1UEH8EZ316337,surveillance mode
supplier 5,silent serenity,WBAEN33464E558500,awaiting deployment
supplier 2,phantom fury,1FTEW1CMXEF758762,undergoing testing
supplier 5,cyclone viper,1G4GD5ER8CF044932,under evaluation
supplier 4,nightfall reaper,2HNYD28288H342838,in transit
supplier 1,serpent wrath,SCFBF03BX8G080920,emergency standby
supplier 2,cyclone viper,1N4AB7AP2DN381836,under repair
supplier 3,ghosteye,JN8AZ2KR8BT904430,under maintenance
supplier 4,phantom fury,1D4PU7GX8BW097207,destroyed
supplier 5,guardian veil,KMHEC4A49DA564537,covert operation
supplier 3,sonic eclipse,KMHTC6AD9CU396771,retired
supplier 3,thunderclap enforcer,5N1AZ2MG1FN981251,temporary storage
supplier 4,shadow shard,4T1BF1FK2EU270395,under maintenance
supplier 2,quantum pulse,WBABS53483E573022,active
supplier 1,toxic whisper,WBAUP9C59CV219777,awaiting deployment
supplier 4,sonic eclipse,5GAER23D49J777442,covert operation
supplier 3,thunderclap enforcer,5LMJJ3H5XDE171889,under evaluation
supplier 4,cyclone viper,W04GU5GC6B1521635,standby
supplier 4,nebula blaze,1GD21XEG4FZ226532,in development
supplier 4,talon shroud,JM1CR2W31A0021747,undergoing testing
supplier 3,guardian veil,WAUFFAFL1DA427913,covert operation
supplier 3,nightfall reaper,1G4CW54K124033021,critical condition
supplier 5,ghosteye,WBAEV53483K419173,surveillance mode
supplier 3,storm surge,JHMZF1C65FS473433,under repair
supplier 4,celestial saber,WBAGN83464D449689,recalled
supplier 1,shadow shard,JN1AY1AR5DM200289,undergoing training
supplier 4,whisperer,WBSDE934X1B576179,active
supplier 3,guardian veil,WBA3A9G55DN492644,emergency standby
supplier 2,firestorm annihilator,WBAVC73517K879257,reserve
supplier 2,storm surge,JTHBL5EF3A5023897,awaiting deployment
supplier 3,spectral storm,3N1CE2CP1EL409110,covert operation
supplier 2,firestorm annihilator,1FTEW1CF8FK522637,surveillance mode
supplier 3,nebula blaze,1C4SDJCT5EC162415,under repair
supplier 3,ghosteye,1FTWW3A52AE255495,reserve
supplier 5,twilight striker,1FAHP3EN6AW612955,undergoing upgrades
supplier 5,shadow shard,3C4PDDBG1CT846293,undergoing testing
supplier 4,shadow shard,WBAPH73549A245220,recalled
supplier 2,spectral storm,1GYUKHEF6AR661742,standby
supplier 1,talon shroud,WA1CMBFP8FA716370,reassigned
supplier 5,silent serenity,WBY2Z2C51EV625226,reserve
supplier 3,firestorm annihilator,WBA3V5C57FP690474,recalled
supplier 2,nebula blaze,1FTEW1C83FF852969,under repair
supplier 4,spectral storm,WBAKB0C55CC422890,under analysis
supplier 5,serpent wrath,1VWAH7A33DC561213,undergoing upgrades
supplier 5,celestial saber,3N1BC1CP2CK013623,standby
supplier 3,twilight striker,WAUPL68E95A999127,inactive
supplier 2,sonic eclipse,5FNYF3H23FB398534,recalled
supplier 4,guardian veil,3GTXCYEJ0AG347928,under maintenance
supplier 4,toxic whisper,JM1NC2MF9E0734263,standby
supplier 4,firestorm annihilator,3VWKZ7AJ7BM622249,in development
supplier 4,cyclone viper,WBAEW53455P200366,in development
supplier 4,quantum pulse,5TDBW5G1XBS313799,temporary storage
supplier 5,silent serenity,19XFB2F55CE407410,undergoing testing
supplier 3,whisperer,3FA6P0LU7FR935289,inactive
supplier 2,serpent wrath,1FA6P0H78F5608731,under maintenance
supplier 4,serpent wrath,1G4GF5G39FF068308,in transit
supplier 3,phantom fury,WAUGVAFRXCA587475,retired
supplier 2,quantum pulse,SALGR2WF0EA652588,inactive
supplier 4,cyclone viper,WBAVB73517V540595,covert operation
supplier 1,ghosteye,5NPET4AC8AH944260,emergency standby
supplier 5,cyclone blades,2C3CDXL94FH993953,recalled
supplier 2,storm surge,SCFLDCFP9EG644362,standby
supplier 2,nebula blaze,WAUNF78P08A687238,emergency standby
supplier 3,toxic whisper,W04G05GV4B1880009,lost in action
supplier 1,cyclone viper,1D7RB1CP1AS537861,inactive
supplier 5,shadow shard,JTDKDTB36D1093757,undergoing training
supplier 1,shadow shard,2T2BK1BA8DC494940,active
supplier 1,whisperer,YV4902DZ2C2622682,reserve
supplier 3,quantum pulse,3GTU2YEJ5CG919746,under maintenance
supplier 4,phantom fury,WAUHF78P97A155630,destroyed
supplier 3,celestial saber,2C3CDZBT9FH292494,undergoing training
supplier 2,inferno wraith,WBAUN93589V141880,under analysis
supplier 3,silent serpent,1G6AE5SX0D0320604,under analysis
supplier 1,cyclone blades,1G6DV8EP2C0907086,under evaluation
supplier 5,shadow shard,2G4WB52K231919390,reassigned
supplier 4,toxic whisper,JTJBC1BA6D2085395,undergoing training
supplier 4,whisperer,3VW507AT5FM865542,under maintenance
supplier 5,havoc quake,WAUDF78E98A380936,under maintenance
supplier 5,inferno wraith,WBAXH5C59DD186869,recalled
supplier 4,serpent wrath,5LMJJ2H59AE420513,destroyed
supplier 5,solar saber,WAUDFAFLXDA686410,awaiting deployment
supplier 3,ghosteye,WBSKG9C57CE167178,undergoing upgrades
supplier 1,silent serenity,1FBNE3BL5DD690182,under analysis
supplier 1,talon shroud,1GKS1EEF5CR572802,standby
supplier 5,cyclone viper,WAUHF98P76A906671,standby
supplier 5,toxic whisper,1G6AA5RXXD0545419,lost in action
supplier 3,whisperer,WAUJC58E82A046095,under maintenance
supplier 4,shadow shard,WVWED7AJ9CW342512,destroyed
supplier 1,quantum pulse,WAUEV94F07N760272,in transit
supplier 3,phantom fury,WBAWR33518P415157,in transit
supplier 4,celestial saber,ZHWGU5BZ4AL144394,reserve
supplier 5,thunderclap enforcer,19XFB2F52FE702226,critical condition
supplier 3,quantum pulse,1G6AP5SX8F0510289,under repair
supplier 4,thunderclap enforcer,137ZA84321E551464,under evaluation
supplier 5,twilight striker,WBALM5C53AE201978,retired
supplier 1,silent serenity,1N4AB7AP1DN653177,under repair
supplier 3,firestorm annihilator,WVGAV7AX2FW642344,destroyed
supplier 2,silent serpent,1G6DX67D570428295,in transit
supplier 3,silent serenity,1N6AD0CU3EN132491,undergoing training
supplier 3,cyclone viper,2T3BFREV5DW371320,recalled
supplier 5,guardian veil,1J4PN2GK7BW026107,critical condition
supplier 1,quantum pulse,WA1VMBFE5ED621494,under evaluation
supplier 1,serpent wrath,2B3CA8CT2AH112490,under evaluation
supplier 2,talon shroud,1GYFC43549R416393,under maintenance
supplier 1,nightfall reaper,1G6YV34A655900875,surveillance mode
supplier 2,twilight striker,JTHBC1KS0B5169654,reassigned
supplier 5,silent serenity,19UUA76657A478469,lost in action
supplier 3,nightfall reaper,2G4GP5EX6F9803998,in development
supplier 1,cyclone viper,WDDHF2EB7DA980193,destroyed
supplier 3,solar saber,WAUVF98K89A493977,under maintenance
supplier 5,twilight striker,WAUAF78E18A781450,recalled
supplier 4,nightfall reaper,5J6TF1H34DL888167,under repair
supplier 1,cyclone blades,1GYS4LKJ4FR247041,undergoing training
supplier 3,nebula blaze,1FTSW2A55AE651574,reassigned
supplier 5,silent serenity,3GYFNBE3XFS095186,undergoing testing
supplier 5,nightfall reaper,1YVHZ8BH7D5462715,reserve
supplier 5,cyclone viper,KMHGC4DE7AU692816,undergoing testing
supplier 3,guardian veil,19UUB3F50FA318091,undergoing training
supplier 1,twilight striker,5UXKR0C50F0524553,under evaluation
supplier 1,havoc quake,WAUWFAFH3DN276769,surveillance mode
supplier 3,quantum pulse,3D73M4HL9BG529779,destroyed
supplier 3,silent serenity,1GKUCKE01AR100445,critical condition
supplier 2,havoc quake,3VW467AT6DM115994,in development
supplier 1,cyclone blades,1D7RB1CT8BS731592,recalled
supplier 4,toxic whisper,1FTEW1C88AF734697,emergency standby
supplier 4,spectral storm,SCBLF34F56C568380,recalled
supplier 5,shadow shard,3C6JD6AK2CG696900,active
supplier 4,guardian veil,1GD11ZCG8BF916399,reassigned
supplier 3,thunderclap enforcer,1FMJU1H54AE375983,undergoing upgrades
supplier 2,nebula blaze,WBA4B3C53FG476390,under repair
supplier 2,quantum pulse,1GD120EG7BF042746,inactive
supplier 3,firestorm annihilator,WA1CYBFE5AD854197,standby
supplier 5,storm surge,3N1CE2CP2FL400319,undergoing training
supplier 4,toxic whisper,1G6KD5EY1AU854114,destroyed
supplier 1,twilight striker,4T1BF3EK1BU765079,undergoing training
supplier 1,phantom fury,KL4CJBSB5EB685896,recalled
supplier 2,silent serenity,1FTSX2A54AE061296,inactive
supplier 1,cyclone viper,1GD312CG5BF463472,active
supplier 2,thunderclap enforcer,5GNRNHEE0A8810596,covert operation
supplier 3,guardian veil,19UUA655X6A700067,reserve
supplier 4,twilight striker,WAUGL78E78A686605,awaiting deployment
supplier 3,serpent wrath,5N1BA0ND1FN987197,under repair
supplier 5,cyclone blades,WA1LMBFE6FD310570,undergoing testing
supplier 5,shadow shard,1N6AA0CC8AN627912,in development
supplier 5,guardian veil,WAUEFAFL6EN287511,lost in action
supplier 3,whisperer,WBS3C9C54FJ695708,reserve
supplier 4,toxic whisper,WVGAV7AX8CW872353,undergoing upgrades
supplier 5,thunderclap enforcer,WAULFAFR9EA219206,awaiting deployment
supplier 4,spectral storm,1C4RDJDG9DC748078,destroyed
supplier 3,quantum pulse,1GYS3BEF5DR013413,recalled
supplier 1,thunderclap enforcer,3GYVKNEF4AG857827,recalled
supplier 3,inferno wraith,3GYFNEEY5BS937939,inactive
supplier 4,spectral storm,2C3CCAGG7EH869943,awaiting deployment
supplier 1,serpent wrath,1C4RDJAG3EC051463,reassigned
supplier 5,shadow shard,YV1902AH4C1979764,under analysis
supplier 4,serpent wrath,2T1KU4EE1CC560337,emergency standby
supplier 3,spectral storm,3C3CFFBR3ET617093,standby
supplier 5,silent serpent,1G6DS5E38D0932841,in development
supplier 4,talon shroud,WAU3GBFC7DN186373,undergoing testing
supplier 5,whisperer,SCBBB7ZH1FC857068,undergoing upgrades
supplier 4,phantom fury,1FTSW3B57AE494764,in development
supplier 5,cyclone viper,3VW467AT4DM477161,standby
supplier 5,guardian veil,5N1AA0NC4AN942668,recalled
supplier 2,inferno wraith,3GYFNFE32FS612973,critical condition
supplier 1,talon shroud,2T2BK1BA7DC438780,undergoing upgrades
supplier 3,serpent wrath,1D7RW2BKXBS956180,destroyed
supplier 5,havoc quake,WAUBF78K99N879548,retired
supplier 5,cyclone blades,1D7RV1CT3BS606104,emergency standby
supplier 3,serpent wrath,5FRYD3H91GB016648,undergoing upgrades
supplier 1,quantum pulse,JTDKN3DU1F0181224,reassigned
supplier 4,guardian veil,SALWG2WF8EA539800,reserve
supplier 2,silent serpent,1G4GF5G32FF127456,temporary storage
supplier 5,talon shroud,WDCGG5GB7BF910849,temporary storage
supplier 2,solar saber,2G61L5S39F9760333,recalled
supplier 4,solar saber,5N1AN0NW9DN205839,critical condition
supplier 4,silent serenity,JTDKTUD35ED763448,under evaluation
supplier 1,serpent wrath,WAUDV94F09N212920,undergoing training
supplier 4,guardian veil,WBA5A7C51FD885181,reassigned
supplier 4,celestial saber,WAULC58EX5A627952,under repair
supplier 4,spectral storm,19UUA8F36DA589104,undergoing testing
supplier 4,havoc quake,JTHCL5EF5F5903107,standby
supplier 2,shadow shard,4T1BK1EB6EU656461,in development
supplier 2,ghosteye,1FTWX3A50AE338775,recalled
supplier 3,solar saber,1N6AA0CA8EN784098,covert operation
supplier 2,sonic eclipse,3C6TD5DTXCG011839,retired
supplier 3,cyclone viper,SALWR2TF4FA759547,lost in action
supplier 3,talon shroud,WBABW53445P118938,critical condition
supplier 1,silent serenity,WAU3GAFD6FN662392,destroyed
supplier 5,firestorm annihilator,1GYFC562X9R813680,reassigned
supplier 2,silent serenity,1G4HH5E92AU399158,reserve
supplier 3,whisperer,JN1CV6AP2AM479144,in development
supplier 1,spectral storm,1C6RD6HT5CS347224,undergoing training
supplier 1,silent serenity,WBABV13485J960177,under maintenance
supplier 2,quantum pulse,JA4AS3AW8DU927243,covert operation
